Date,ITUB,BBDC,SANB,BB
2021-01-04,22.768272399902344,18.45500373840332,33.76071548461914,14.87498664855957
2021-01-05,22.710205078125,18.342477798461914,33.25965881347656,14.720653533935547
2021-01-06,23.224470138549805,18.950407028198242,34.398433685302734,15.057007789611816
2021-01-07,23.97096824645996,19.453510284423828,34.86912155151367,15.654546737670898
2021-01-08,24.04561996459961,19.285808563232422,34.535091400146484,15.745562553405762
2021-01-11,23.572832107543945,18.943416595458984,33.914459228515625,15.488343238830566
2021-01-12,23.664073944091797,18.929447174072266,34.59290313720703,15.630799293518066
2021-01-13,23.307411193847656,18.642946243286133,34.356590270996094,14.859150886535645
2021-01-14,23.81336784362793,19.215932846069336,35.103633880615234,14.823537826538086
2021-01-15,23.133228302001953,18.68486976623535,33.57905197143555,14.36451244354248
2021-01-18,23.05857276916504,18.747764587402344,33.236019134521484,14.218095779418945
2021-01-19,22.8760986328125,18.447298049926758,32.49659729003906,13.976704597473145
2021-01-20,22.527734756469727,18.062984466552734,31.841026306152344,13.664093017578125
2021-01-21,22.179365158081055,17.804441452026367,31.26930046081543,13.525591850280762
2021-01-22,21.640222549438477,17.476016998291016,30.60610580444336,13.33169174194336
2021-01-26,21.183277130126953,17.056758880615234,29.973398208618164,12.975546836853027
2021-01-27,21.183277130126953,17.30133628845215,29.95053482055664,13.35543155670166
2021-01-28,22.080810546875,17.839372634887695,31.078725814819336,13.668049812316895
2021-01-29,21.4575252532959,17.287351608276367,30.08774185180664,13.39896297454834
2021-02-01,21.885759353637695,17.643720626831055,31.07111167907715,13.569119453430176
2021-02-02,21.56147003173828,17.57308006286621,30.819547653198242,13.478108406066895
2021-02-03,21.486635208129883,17.65699005126953,31.231185913085938,13.584946632385254
2021-02-04,21.39516830444336,18.188444137573242,31.63520050048828,13.529547691345215
2021-02-05,21.295385360717773,18.09054946899414,31.680936813354492,13.438532829284668
2021-02-08,20.90456771850586,17.7059383392334,30.720449447631836,13.402918815612793
2021-02-09,21.029296875,17.796842575073242,31.414134979248047,13.565159797668457
2021-02-10,20.8962459564209,17.601049423217773,30.59086036682129,13.379176139831543
2021-02-11,20.90456771850586,17.62202262878418,30.95676040649414,13.430617332458496
2021-02-12,20.87961769104004,17.62202262878418,30.96438217163086,13.35543155670166
2021-02-17,20.93782615661621,17.608036041259766,31.45635223388672,13.201106071472168
2021-02-18,20.92119026184082,17.4343318939209,30.874961853027344,13.161529541015625
2021-02-19,20.754892349243164,17.287363052368164,31.180957794189453,12.912229537963867
2021-02-22,19.60738754272461,16.15352439880371,29.972278594970703,11.408509254455566
2021-02-23,20.746572494506836,16.923410415649414,31.188602447509766,12.2264986038208
2021-02-24,20.34743881225586,16.804431915283203,30.155874252319336,12.178284645080566
2021-02-25,19.782007217407227,16.44048309326172,29.398527145385742,11.836761474609375
2021-02-26,19.553571701049805,16.0975341796875,28.77889060974121,11.270236015319824
2021-03-01,19.005189895629883,15.565618515014648,28.503498077392578,11.193896293640137
2021-03-02,19.691715240478516,15.985191345214844,29.36793327331543,11.62381362915039
2021-03-03,19.691715240478516,16.125289916992188,28.939537048339844,11.647920608520508
2021-03-04,20.060096740722656,16.748727798461914,29.551532745361328,12.069801330566406
2021-03-05,20.780120849609375,17.5402774810791,30.9132137298584,12.294803619384766
2021-03-08,20.060096740722656,16.91684341430664,29.842222213745117,11.732295036315918
2021-03-09,20.328020095825195,17.056941986083984,30.01817512512207,11.647920608520508
2021-03-10,20.45359992980957,17.344144821166992,30.431264877319336,12.013550758361816
2021-03-11,20.51220703125,17.645355224609375,30.293569564819336,12.07381820678711
2021-03-12,20.428482055664062,17.52627182006836,29.94167709350586,12.11246395111084
2021-03-15,20.62104606628418,17.771440505981445,30.523067474365234,12.027678489685059
2021-03-16,20.353132247924805,17.47723388671875,29.45208168029785,12.059975624084473
2021-03-17,20.914079666137695,18.20574378967285,30.431264877319336,12.395090103149414
2021-03-18,20.98942756652832,18.54197883605957,31.196252822875977,12.290112495422363
2021-03-19,21.006174087524414,18.731117248535156,31.050907135009766,12.395090103149414
2021-03-22,21.106639862060547,18.633041381835938,30.584264755249023,12.431427001953125
2021-03-23,20.746625900268555,18.429908752441406,30.01817512512207,11.98326301574707
2021-03-24,20.51220703125,18.240764617919922,29.81927490234375,11.765237808227539
2021-03-25,20.81360626220703,18.64705467224121,30.32417106628418,11.934812545776367
2021-03-26,21.141326904296875,18.77313995361328,31.318662643432617,11.975189208984375
2021-03-29,20.939987182617188,18.850200653076172,30.40066909790039,12.031716346740723
2021-03-30,21.33429527282715,19.165416717529297,30.806121826171875,12.40316390991211
2021-03-31,21.065828323364258,18.75212287902832,30.293569564819336,12.294151306152344
2021-04-01,20.54117202758789,18.06564712524414,29.490325927734375,12.092276573181152
2021-04-05,20.650304794311523,18.233169555664062,29.758079528808594,12.076127052307129
2021-04-06,20.42365074157715,17.945758819580078,29.44443130493164,11.930774688720703
2021-04-07,20.415258407592773,17.74947166442871,29.45208168029785,11.854063987731934
2021-04-08,20.213794708251953,17.693395614624023,29.222579956054688,11.753127098083496
2021-04-09,20.129852294921875,17.665353775024414,28.97779083251953,11.78542423248291
2021-04-12,20.490806579589844,17.994827270507812,29.666276931762695,11.930774688720703
2021-04-13,20.49919891357422,17.87565803527832,29.299081802368164,11.930774688720703
2021-04-14,20.70905876159668,18.085956573486328,29.888126373291016,11.950963973999023
2021-04-15,20.70905876159668,18.085956573486328,29.528583526611328,11.967114448547363
2021-04-16,20.82658576965332,18.2962589263916,29.643327713012695,12.019599914550781
2021-04-19,20.633520126342773,18.213542938232422,29.237882614135742,11.959038734436035
2021-04-20,20.507598876953125,17.935941696166992,29.299081802368164,12.152838706970215
2021-04-22,20.49919891357422,17.812564849853516,28.694744110107422,12.04382610321045
2021-04-23,20.650304794311523,18.14414405822754,29.31438446044922,12.140724182128906
2021-04-26,20.54957389831543,18.159557342529297,29.1843318939209,12.152838706970215
2021-04-27,20.31452178955078,17.997631072998047,28.740642547607422,12.019599914550781
2021-04-28,21.085660934448242,18.961519241333008,31.173307418823242,12.233590126037598
2021-04-29,20.606056213378906,18.329212188720703,29.857524871826172,11.967114448547363
2021-04-30,20.5808162689209,18.39089012145996,29.551532745361328,11.967114448547363
2021-05-03,20.87969398498535,18.93838119506836,30.04877281188965,12.011527061462402
2021-05-04,20.105125427246094,18.366527557373047,29.230241775512695,11.858102798461914
2021-05-05,20.635541915893555,18.397401809692383,29.903425216674805,11.813689231872559
2021-05-06,20.366121292114258,18.490001678466797,29.758079528808594,11.793500900268555
2021-05-07,20.635541915893555,18.567167282104492,29.895771026611328,12.088238716125488
2021-05-10,20.989151000976562,19.0147647857666,30.050344467163086,12.24570083618164
2021-05-11,20.87969398498535,18.983888626098633,29.847084045410156,12.334528923034668
2021-05-12,20.576610565185547,18.598047256469727,29.292051315307617,12.253775596618652
2021-05-13,21.199634552001953,19.030193328857422,30.112890243530273,12.580810546875
2021-05-14,21.527982711791992,19.207687377929688,30.75391387939453,12.580810546875
2021-05-17,21.637432098388672,19.292570114135742,30.902450561523438,12.802873611450195
2021-05-18,21.62059211730957,19.60125160217285,31.011890411376953,12.980523109436035
2021-05-19,21.82265281677246,19.73244857788086,32.075069427490234,13.202585220336914
2021-05-20,22.041555404663086,19.917654037475586,31.903076171875,13.242959976196289
2021-05-21,22.016294479370117,20.010255813598633,32.075069427490234,13.356011390686035
2021-05-24,22.092063903808594,19.956241607666016,31.801456451416016,13.44368839263916
2021-05-25,21.972911834716797,19.855918884277344,31.4809513092041,13.263787269592285
2021-05-26,22.209091186523438,20.31122398376465,31.910900115966797,13.484578132629395
2021-05-27,22.124736785888672,20.4346923828125,31.910900115966797,13.668570518493652
2021-05-28,22.335613250732422,20.48099136352539,31.89527130126953,13.713549613952637
2021-05-31,22.411527633666992,20.4346923828125,32.215782165527344,13.69310474395752
2021-06-01,23.057161331176758,20.897716522216797,33.49002456665039,13.893447875976562
2021-06-02,23.673259735107422,21.715497970581055,34.12323760986328,14.392274856567383
2021-06-04,24.095243453979492,21.692331314086914,34.998802185058594,14.617152214050293
2021-06-07,24.601621627807617,21.962610244750977,35.68674087524414,14.93198299407959
2021-06-08,24.415956497192383,21.80817222595215,35.64765167236328,14.842034339904785
2021-06-09,24.770418167114258,21.700057983398438,35.27240753173828,14.555818557739258
2021-06-10,24.804174423217773,21.73866844177246,35.53038787841797,14.514936447143555
2021-06-11,24.500350952148438,21.653722763061523,35.209869384765625,14.474045753479004
2021-06-14,24.331558227539062,21.561050415039062,35.33495330810547,14.633661270141602
2021-06-15,24.348434448242188,21.57650375366211,35.10824966430664,14.58436393737793
2021-06-16,24.753536224365234,21.684614181518555,35.678916931152344,14.687070846557617
2021-06-17,24.52566146850586,21.591938018798828,35.10042190551758,14.337864875793457
2021-06-18,23.968650817871094,21.313941955566406,34.475032806396484,14.31732177734375
2021-06-21,24.162765502929688,21.367992401123047,34.31086730957031,14.206400871276855
2021-06-22,24.036170959472656,20.974143981933594,34.201419830322266,13.906497955322266
2021-06-23,23.833616256713867,20.881479263305664,33.76364517211914,13.906497955322266
2021-06-24,23.766098022460938,21.035924911499023,33.69328689575195,13.935254096984863
2021-06-25,23.13311767578125,20.3795166015625,32.911537170410156,13.516209602355957
2021-06-28,22.879932403564453,20.279132843017578,32.598838806152344,13.413505554199219
2021-06-29,22.719579696655273,20.15557098388672,32.30958938598633,13.323122024536133
2021-06-30,22.567665100097656,19.86983871459961,31.660741806030273,13.199873924255371
2021-07-01,22.386110305786133,19.62272071838379,31.629474639892578,13.060192108154297
2021-07-02,22.521223068237305,20.093347549438477,31.98907470703125,13.20398235321045
2021-07-05,22.32699966430664,19.737436294555664,31.676380157470703,13.121817588806152
2021-07-06,22.115896224975586,19.49279022216797,31.13697052001953,12.924620628356934
2021-07-07,22.35232925415039,19.634845733642578,31.363672256469727,13.097167015075684
2021-07-08,22.141220092773438,19.405977249145508,31.1135196685791,13.060192108154297
2021-07-12,22.47900390625,19.895265579223633,32.286136627197266,13.392961502075195
2021-07-13,22.512784957885742,19.879484176635742,32.30958938598633,13.33544635772705
2021-07-14,22.690105438232422,19.966293334960938,32.317405700683594,13.425827980041504
2021-07-15,22.23410987854004,19.666404724121094,31.746736526489258,13.220414161682129
2021-07-16,21.955446243286133,19.666404724121094,31.191694259643555,13.060192108154297
2021-07-19,21.744335174560547,18.9482479095459,31.011890411376953,12.961592674255371
2021-07-20,22.124338150024414,19.240249633789062,31.39495086669922,13.191658020019531
2021-07-21,22.16655731201172,19.248130798339844,31.738916397094727,13.323122024536133
2021-07-22,21.946998596191406,19.09819793701172,31.40276336669922,13.125924110412598
2021-07-23,21.896339416503906,18.900903701782227,31.15261459350586,13.056085586547852
2021-07-26,22.259445190429688,19.058738708496094,31.918725967407227,13.257390975952148
2021-07-27,22.47900390625,19.208683013916016,32.207969665527344,13.319012641906738
2021-07-28,23.238996505737305,19.65851593017578,32.59102249145508,13.516209602355957
2021-07-29,23.416324615478516,19.4691104888916,32.075069427490234,13.302582740783691
2021-07-30,23.19676971435547,19.137653350830078,31.629474639892578,12.99445915222168
2021-08-02,23.41222381591797,19.25603675842285,31.738916397094727,13.171117782592773
2021-08-03,23.60654640197754,19.365800857543945,31.934354782104492,13.097167015075684
2021-08-04,22.913728713989258,18.59969139099121,31.574752807617188,12.904078483581543
2021-08-05,23.133403778076172,18.32325553894043,31.478221893310547,12.674015998840332
2021-08-06,23.615001678466797,18.72605323791504,32.72710418701172,13.060192108154297
2021-08-09,23.783981323242188,18.71816635131836,32.59100341796875,12.941054344177246
2021-08-10,23.47136878967285,18.449626922607422,31.862491607666016,12.612393379211426
2021-08-11,23.724838256835938,18.520709991455078,32.070640563964844,12.489141464233398
2021-08-12,23.319286346435547,18.260080337524414,31.894514083862305,12.217996597290039
2021-08-13,23.58965492248535,18.346956253051758,32.6390380859375,12.119400978088379
2021-08-16,23.279125213623047,18.196897506713867,32.54296875,12.098858833312988
2021-08-17,23.313051223754883,18.125810623168945,32.34283447265625,12.049556732177734
2021-08-18,23.406339645385742,18.00734519958496,32.0866584777832,12.107074737548828
2021-08-19,23.168880462646484,17.967853546142578,32.19071960449219,12.189240455627441
2021-08-20,23.296085357666016,17.865182876586914,32.19071960449219,12.205672264099121
2021-08-23,23.525066375732422,17.99154281616211,32.623023986816406,12.316597938537598
2021-08-24,24.016935348510742,18.465425491333008,33.143394470214844,12.719070434570312
2021-08-25,24.20351219177246,18.49701690673828,33.271484375,12.677506446838379
2021-08-26,23.804916381835938,18.141603469848633,32.903228759765625,12.498771667480469
2021-08-27,24.110225677490234,18.378541946411133,33.33552551269531,12.689976692199707
2021-08-30,24.067819595336914,18.181095123291016,33.05533218383789,12.569433212280273
2021-08-31,24.279834747314453,18.28377342224121,33.57570266723633,12.64841079711914
2021-09-01,24.70832633972168,18.25217628479004,33.35154724121094,12.660877227783203
2021-09-02,23.74103546142578,17.611108779907227,31.606306076049805,12.137154579162598
2021-09-03,23.31678581237793,17.524158477783203,30.869787216186523,12.108054161071777
2021-09-06,23.834373474121094,17.705961227416992,31.358135223388672,12.324196815490723
2021-09-08,22.561622619628906,16.6862850189209,29.805036544799805,11.80462646484375
2021-09-09,22.892534255981445,16.75742530822754,29.965147018432617,12.012454986572266
2021-09-10,22.739809036254883,16.551912307739258,29.48480987548828,12.049864768981934
2021-09-13,23.036785125732422,16.891803741455078,29.740991592407227,12.315884590148926
2021-09-14,22.850112915039062,16.781143188476562,29.556865692138672,12.225849151611328
2021-09-15,22.536170959472656,16.630958557128906,28.94843101501465,12.129648208618164
2021-09-16,22.553129196166992,16.417545318603516,29.228628158569336,12.3262300491333
2021-09-17,21.942209243774414,15.824708938598633,28.58017349243164,12.104552268981934
2021-09-20,21.534934997558594,15.2318696975708,27.747587203979492,11.711385726928711
2021-09-21,21.517967224121094,15.453197479248047,27.675533294677734,12.008352279663086
2021-09-22,22.035547256469727,15.682425498962402,28.107839584350586,12.288586616516113
2021-09-23,22.782230377197266,16.37801742553711,28.956438064575195,12.317867279052734
2021-09-24,22.476770401000977,16.0144100189209,28.147869110107422,12.22166633605957
2021-09-27,23.07071876525879,16.49658203125,29.212615966796875,12.493538856506348
2021-09-28,22.493745803833008,16.148786544799805,28.8443603515625,12.238395690917969
2021-09-29,22.84162712097168,16.44125747680664,29.164588928222656,12.305317878723145
2021-09-30,22.90951156616211,16.464963912963867,28.31598663330078,12.087821006774902
2021-10-01,23.643863677978516,16.87598991394043,29.452789306640625,12.359691619873047
2021-10-04,18.89811134338379,16.400497436523438,28.572168350219727,12.213302612304688
2021-10-05,19.0169677734375,16.67739486694336,29.388744354248047,12.794687271118164
2021-10-06,19.135833740234375,16.803985595703125,29.492820739746094,12.815600395202637
2021-10-07,18.838687896728516,16.38468360900879,29.060516357421875,12.681755065917969
2021-10-08,18.940563201904297,16.495433807373047,29.660932540893555,12.949447631835938
2021-10-11,18.567014694213867,16.19479751586914,28.740283966064453,12.849061012268066
2021-10-13,18.55004119873047,16.14732551574707,28.748294830322266,12.865792274475098
2021-10-14,18.405710220336914,15.997010231018066,28.908403396606445,12.803054809570312
2021-10-15,18.76227569580078,16.835628509521484,30.061216354370117,13.208768844604492
2021-10-18,18.983007431030273,17.128347396850586,30.43647003173828,13.472272872924805
2021-10-19,18.49060821533203,16.598283767700195,29.127277374267578,12.811418533325195
2021-10-20,18.983007431030273,17.167909622192383,30.094573974609375,13.049827575683594
2021-10-21,18.728321075439453,16.811887741088867,29.560897827148438,12.472623825073242
2021-10-22,18.032163619995117,16.178974151611328,28.952173233032227,12.092002868652344
2021-10-25,18.439661026000977,16.424232482910156,29.811054229736328,12.342962265014648
2021-10-26,18.26987648010254,16.052396774291992,29.244028091430664,12.213302612304688
2021-10-27,18.329301834106445,16.266000747680664,29.235681533813477,12.200753211975098
2021-10-28,18.210445404052734,16.21062469482422,29.235681533813477,12.092002868652344
2021-10-29,17.853879928588867,15.743841171264648,28.685325622558594,11.920516014099121
2021-11-01,18.49764060974121,16.28973960876465,29.986181259155273,12.192389488220215
2021-11-03,18.701568603515625,16.154308319091797,30.269695281982422,12.271859169006348
2021-11-04,17.775405883789062,15.085265159606934,29.018882751464844,11.983258247375488
2021-11-05,17.554489135742188,15.829631805419922,29.34688377380371,12.250946044921875
2021-11-08,17.512008666992188,15.465368270874023,29.235916137695312,12.330415725708008
2021-11-09,17.3250732421875,15.291155815124512,28.792041778564453,12.313684463500977
2021-11-10,17.75840950012207,16.146379470825195,29.74807357788086,12.878338813781738
2021-11-11,17.76691246032715,16.22557258605957,29.59442710876465,12.63156509399414
2021-11-12,17.741426467895508,16.383947372436523,29.87611961364746,12.610650062561035
2021-11-16,17.54599380493164,16.360193252563477,29.244449615478516,12.434981346130371
2021-11-17,17.520505905151367,16.431459426879883,29.363950729370117,12.259310722351074
2021-11-18,17.223115921020508,16.273086547851562,29.329811096191406,12.167290687561035
2021-11-19,17.189136505126953,16.25724983215332,29.150554656982422,12.150562286376953
2021-11-22,17.167221069335938,15.980090141296387,29.02251434326172,12.083639144897461
2021-11-23,17.313579559326172,16.288923263549805,29.20176887512207,12.588862419128418
2021-11-24,17.778486251831055,16.708614349365234,29.79075813293457,12.822067260742188
2021-11-25,17.933454513549805,16.843229293823242,30.285846710205078,13.487763404846191
2021-11-26,17.528812408447266,16.170133590698242,29.0651912689209,13.042552947998047
2021-11-29,17.459941864013672,16.051353454589844,28.97983741760254,13.063751220703125
2021-11-30,17.304962158203125,15.766281127929688,28.117691040039062,13.500484466552734
2021-12-01,17.242633819580078,15.702929496765137,27.784788131713867,13.27151870727539
2021-12-02,17.802730560302734,16.502687454223633,28.6042423248291,13.636167526245117
2021-12-03,17.837202072143555,16.455123901367188,28.55303192138672,13.653124809265137
2021-12-06,17.9923038482666,16.803882598876953,28.920085906982422,14.022017478942871
2021-12-07,17.751026153564453,16.605722427368164,28.271343231201172,13.822731971740723
2021-12-08,17.587305068969727,16.502687454223633,28.20305824279785,13.886331558227539
2021-12-09,17.190921783447266,16.08258819580078,27.315305709838867,13.576807022094727
2021-12-10,17.199539184570312,16.019174575805664,27.161659240722656,13.780329704284668
2021-12-13,16.82038688659668,15.725899696350098,27.22994613647461,13.665847778320312
2021-12-14,16.89794158935547,15.96368408203125,26.982402801513672,13.66797924041748
2021-12-15,16.854860305786133,15.96368408203125,27.298236846923828,13.43349838256836
2021-12-16,17.027198791503906,16.161840438842773,27.477487564086914,13.390864372253418
2021-12-17,16.639432907104492,15.710046768188477,26.92264747619629,12.930435180664062
2021-12-20,16.441247940063477,15.385065078735352,26.034900665283203,12.54247760772705
2021-12-21,16.38092613220215,15.319167137145996,26.034900665283203,12.576584815979004
2021-12-22,16.536027908325195,15.39138412475586,25.87271499633789,12.504108428955078
2021-12-23,16.604969024658203,15.439535140991211,26.009292602539062,12.457213401794434
2021-12-27,16.760074615478516,15.616083145141602,26.25684356689453,12.482791900634766
2021-12-28,16.69975471496582,15.559908866882324,26.290983200073242,12.410318374633789
2021-12-29,16.648048400878906,15.48768424987793,25.949541091918945,12.346366882324219
2021-12-30,16.449859619140625,15.415461540222168,25.727602005004883,12.299473762512207
2022-01-03,16.715208053588867,15.800646781921387,26.111726760864258,12.2866849899292
2022-01-04,17.086078643798828,15.904245376586914,26.48731231689453,12.299473762512207
2022-01-05,16.7410831451416,15.79178524017334,26.282451629638672,12.094837188720703
2022-01-06,17.042957305908203,16.016700744628906,26.495847702026367,12.192892074584961
2022-01-07,17.310325622558594,16.24964141845703,26.581207275390625,12.205681800842285
2022-01-10,17.405202865600586,16.30586814880371,27.10879898071289,12.269630432128906
2022-01-11,17.65532875061035,16.32996940612793,26.775178909301758,12.32078742980957
2022-01-12,17.663949966430664,16.209476470947266,26.176374435424805,12.440160751342773
2022-01-13,17.888200759887695,16.49864387512207,27.12590789794922,12.640533447265625
2022-01-14,17.896827697753906,16.763717651367188,27.117355346679688,12.96453857421875
2022-01-17,17.84507942199707,16.8601016998291,27.151573181152344,12.990119934082031
2022-01-18,17.95720100402832,17.165342330932617,26.99759292602539,13.105225563049316
2022-01-19,17.819202423095703,16.948469161987305,27.202898025512695,13.220335960388184
2022-01-20,17.663949966430664,16.932395935058594,26.672527313232422,13.301336288452148
2022-01-21,17.67258071899414,16.755685806274414,26.8607234954834,13.301336288452148
2022-01-24,17.663949966430664,17.109115600585938,26.604093551635742,13.365283966064453
2022-01-25,18.224578857421875,17.7918701171875,28.143882751464844,13.71060848236084
2022-01-26,18.397071838378906,17.807931900024414,28.29785919189453,13.578449249267578
2022-01-27,18.535076141357422,17.896286010742188,28.99075698852539,13.766029357910156
2022-01-28,18.759328842163086,18.15332794189453,28.22942352294922,13.851296424865723
2022-01-31,19.052581787109375,18.313974380493164,28.314970016479492,13.9237699508667
2022-02-01,19.26634407043457,18.378236770629883,28.05833625793457,13.902456283569336
2022-02-02,19.016021728515625,18.047813415527344,27.27988624572754,13.672240257263184
2022-02-03,19.1713924407959,18.31309700012207,27.408201217651367,13.766029357910156
2022-02-04,19.283611297607422,18.43368148803711,27.579294204711914,13.740450859069824
2022-02-07,19.18865394592285,18.36937713623047,27.793149948120117,13.582711219787598
2022-02-08,19.318130493164062,18.264869689941406,27.7332706451416,13.727659225463867
2022-02-09,18.549898147583008,16.697240829467773,27.100248336791992,13.608291625976562
2022-02-10,18.791589736938477,16.938411712646484,27.613506317138672,13.757503509521484
2022-02-11,19.732467651367188,16.994686126708984,27.924274444580078,14.239251136779785
2022-02-14,19.57709503173828,17.0188045501709,28.108505249023438,14.298937797546387
2022-02-15,19.8015193939209,17.034879684448242,28.161142349243164,14.976792335510254
2022-02-16,19.715206146240234,17.235857009887695,28.52960968017578,15.062056541442871
2022-02-17,19.361291885375977,17.034879684448242,27.959365844726562,15.062056541442871
2022-02-18,19.456247329711914,17.131351470947266,28.134824752807617,15.369011878967285
2022-02-21,19.067811965942383,16.930374145507812,27.696178436279297,15.040741920471191
2022-02-22,19.1919002532959,16.86605453491211,27.827774047851562,15.18143081665039
2022-02-23,18.967323303222656,16.785669326782227,27.661087036132812,15.258167266845703
2022-02-24,18.57865333557129,16.279207229614258,26.54692268371582,14.772156715393066
2022-02-25,18.855045318603516,16.35959815979004,26.88906478881836,15.010896682739258
2022-03-02,18.53317642211914,16.190773010253906,27.038209915161133,15.177166938781738
2022-03-03,18.53317642211914,16.503602981567383,27.318941116333008,15.178848266601562
2022-03-04,18.170120239257812,16.028860092163086,26.59956169128418,14.799050331115723
2022-03-07,17.763839721679688,15.618483543395996,25.959135055541992,14.166051864624023
2022-03-08,17.720624923706055,15.819642066955566,26.073184967041016,14.275190353393555
2022-03-09,18.48995590209961,16.833518981933594,28.169918060302734,15.082807540893555
2022-03-10,18.3862247467041,16.728919982910156,28.082185745239258,14.886362075805664
2022-03-11,18.3862247467041,16.656497955322266,28.389244079589844,14.589507102966309
2022-03-14,18.54182243347168,16.77719497680664,29.599910736083984,14.681180000305176
2022-03-15,18.636905670166016,16.73696517944336,29.205123901367188,14.514524459838867
2022-03-16,19.095048904418945,16.978361129760742,29.9596004486084,14.707817077636719
2022-03-17,19.50132942199707,17.042734146118164,30.485977172851562,14.84399700164795
2022-03-18,19.665569305419922,17.00251007080078,30.687746047973633,14.813250541687012
2022-03-21,20.037267684936523,17.404829025268555,31.51241111755371,15.116366386413574
2022-03-22,20.365747451782227,17.622093200683594,31.714187622070312,15.419485092163086
2022-03-23,20.244733810424805,17.509441375732422,31.731735229492188,15.340409278869629
2022-03-24,20.236080169677734,17.766931533813477,31.45977210998535,15.516130447387695
2022-03-25,20.253372192382812,17.9278621673584,32.372161865234375,15.507343292236328
2022-03-28,20.244733810424805,17.83934783935547,31.87209701538086,15.357983589172363
2022-03-29,20.66829490661621,18.161212921142578,31.94228172302246,15.423877716064453
2022-03-30,20.676944732666016,18.04855728149414,32.26688003540039,15.331625938415527
2022-03-31,20.40031623840332,17.87958335876465,31.80191421508789,15.243765830993652
2022-04-01,20.450191497802734,17.686466217041016,32.36338424682617,15.234978675842285
2022-04-04,20.329086303710938,17.6131534576416,31.76681900024414,15.094402313232422
2022-04-05,19.810047149658203,17.12189292907715,31.047443389892578,14.694639205932617
2022-04-06,19.740842819213867,17.033296585083008,31.135169982910156,14.769317626953125
2022-04-07,19.740842819213867,17.10578155517578,31.714187622070312,15.041688919067383
2022-04-08,19.792743682861328,17.2990665435791,31.380817413330078,15.309659957885742
2022-04-11,19.697593688964844,17.27490997314453,31.19658660888672,15.406306266784668
2022-04-12,19.368865966796875,17.12189292907715,30.784252166748047,15.375555038452148
2022-04-13,19.41211700439453,17.2990665435791,30.76670265197754,15.450237274169922
2022-04-14,19.550519943237305,17.258800506591797,30.617568969726562,15.463414192199707
2022-04-18,19.6110782623291,17.56483268737793,30.9597110748291,16.034507751464844
2022-04-19,19.360206604003906,17.33692169189453,30.819347381591797,15.467806816101074
2022-04-20,19.377513885498047,17.27490997314453,30.74039077758789,15.445843696594238
2022-04-22,19.00553321838379,17.0268611907959,30.168140411376953,15.125152587890625
2022-04-25,19.066083908081055,16.92054557800293,29.892595291137695,15.243765830993652
2022-04-26,18.486492156982422,16.194110870361328,28.532625198364258,14.901106834411621
2022-04-27,18.218324661254883,16.291563034057617,28.417072296142578,14.967004776000977
2022-04-28,18.062606811523438,16.140958786010742,28.248188018798828,14.940643310546875
2022-04-29,17.370555877685547,15.928352355957031,28.22152328491211,14.593598365783691
2022-05-02,17.57632064819336,15.919487953186035,28.04374885559082,14.488163948059082
2022-05-03,17.680217742919922,16.02499771118164,28.265966415405273,14.786890983581543
2022-05-04,17.645584106445312,16.255573272705078,28.98594856262207,15.21740436553955
2022-05-05,17.29059410095215,15.723480224609375,28.42596435546875,14.822035789489746
2022-05-06,17.48973274230957,16.051605224609375,29.30594253540039,14.870360374450684
2022-05-09,17.377180099487305,16.291048049926758,29.572601318359375,14.909893035888672
2022-05-10,17.325227737426758,16.4506778717041,28.977060317993164,14.738566398620605
2022-05-11,17.74949073791504,16.73446273803711,29.22594451904297,15.06364917755127
2022-05-12,18.104473114013672,16.840879440307617,29.110387802124023,15.445843696594238
2022-05-13,18.294954299926758,17.035982131958008,29.065948486328125,15.423877716064453
2022-05-16,18.381542205810547,17.31976890563965,29.81259536743164,15.423877716064453
2022-05-17,18.64129066467285,17.674503326416016,30.177032470703125,16.003755569458008
2022-05-18,18.416175842285156,17.346372604370117,29.34149169921875,15.77531909942627
2022-05-19,18.398849487304688,17.21335220336914,29.083724975585938,15.683065414428711
2022-05-20,18.572023391723633,17.443925857543945,29.35038185119629,16.25415802001953
2022-05-23,19.039569854736328,17.72771644592285,30.088146209716797,16.939472198486328
2022-05-24,19.359926223754883,18.100183486938477,30.514802932739258,16.672767639160156
2022-05-25,18.98762321472168,17.89620590209961,29.714820861816406,16.57132339477539
2022-05-26,19.160783767700195,17.993755340576172,29.625932693481445,16.522796630859375
2022-05-27,19.32529067993164,18.250938415527344,29.928144454956055,16.341962814331055
2022-05-30,19.221391677856445,18.073577880859375,29.768152236938477,15.90970230102539
2022-05-31,19.394559860229492,18.179990768432617,29.794816970825195,16.152299880981445
2022-06-01,19.141231536865234,17.851865768432617,29.243722915649414,16.183170318603516
2022-06-02,19.141231536865234,17.779943466186523,28.914840698242188,16.196407318115234
2022-06-03,19.037254333496094,17.673423767089844,28.639291763305664,15.971449851989746
2022-06-06,19.037254333496094,17.691179275512695,28.532625198364258,15.772967338562012
2022-06-07,19.08924102783203,17.540273666381836,28.283742904663086,15.662698745727539
2022-06-08,18.74263572692871,17.229589462280273,27.963748931884766,15.52155590057373
2022-06-09,18.361379623413086,17.22071647644043,28.0170841217041,15.49949836730957
2022-06-10,17.928117752075195,16.963287353515625,27.64375877380371,15.239266395568848
2022-06-13,17.63350486755371,16.714746475219727,27.110437393188477,14.8908109664917
2022-06-14,17.572851181030273,16.54608917236328,26.808225631713867,14.895381927490234
2022-06-15,17.529523849487305,16.661481857299805,27.030439376831055,15.130901336669922
2022-06-17,17.321561813354492,16.404062271118164,26.666006088256836,15.16645336151123
2022-06-20,18.058090209960938,16.839014053344727,27.234880447387695,15.281989097595215
2022-06-21,17.980104446411133,16.7193603515625,27.288211822509766,14.655421257019043
2022-06-22,17.780807495117188,16.647600173950195,26.808225631713867,14.602096557617188
2022-06-23,17.37354850769043,16.208087921142578,26.203794479370117,14.508779525756836
2022-06-24,17.330224990844727,16.073543548583984,26.123798370361328,14.424347877502441
2022-06-27,17.520858764648438,16.297786712646484,26.59489631652832,14.722077369689941
2022-06-28,17.408214569091797,16.064573287963867,26.53267478942871,14.77540111541748
2022-06-29,17.243576049804688,15.786518096923828,26.052690505981445,14.699859619140625
2022-06-30,16.922971725463867,15.427735328674316,25.608253479003906,14.833170890808105
2022-07-01,16.972965240478516,15.544337272644043,25.786027908325195,14.730966567993164
2022-07-04,16.868896484375,15.381786346435547,25.421594619750977,14.682084083557129
2022-07-05,16.964292526245117,15.417706489562988,25.537145614624023,14.602096557617188
2022-07-06,16.851547241210938,15.291996002197266,25.279375076293945,14.508779525756836
2022-07-07,17.15509796142578,15.606271743774414,25.332706451416016,14.722077369689941
2022-07-08,17.189788818359375,15.615250587463379,25.350482940673828,14.864277839660645
2022-07-11,16.972965240478516,15.300972938537598,24.843830108642578,14.61987018585205
2022-07-12,16.964292526245117,15.363828659057617,24.639389038085938,14.668752670288086
2022-07-13,16.920928955078125,15.013630867004395,24.257179260253906,14.508779525756836
2022-07-14,16.678083419799805,14.672412872314453,23.90163230895996,14.491004943847656
2022-07-15,17.007654190063477,14.762208938598633,24.132736206054688,14.788732528686523
2022-07-18,17.14642333984375,14.950773239135742,24.390504837036133,14.997588157653809
2022-07-19,17.61475944519043,15.49852180480957,25.279375076293945,15.401968002319336
2022-07-20,17.319881439208984,15.300972938537598,25.101600646972656,15.40640926361084
2022-07-21,17.48467254638672,15.507498741149902,25.154932022094727,15.51305866241455
2022-07-22,17.328556060791016,15.309953689575195,24.470504760742188,15.40640926361084
2022-07-25,17.562719345092773,15.516480445861816,24.906049728393555,15.641927719116211
2022-07-26,17.475997924804688,15.408724784851074,24.861604690551758,15.695249557495117
2022-07-27,17.458654403686523,15.49852180480957,24.746051788330078,15.797456741333008
2022-07-28,17.562719345092773,15.615250587463379,25.368261337280273,16.090747833251953
2022-07-29,17.588748931884766,15.651172637939453,25.14604377746582,15.984098434448242
2022-08-01,17.499902725219727,15.615250587463379,24.586055755615234,15.85522747039795
2022-08-02,17.690868377685547,15.88400936126709,24.75494384765625,16.06852912902832
2022-08-03,17.821081161499023,16.135705947875977,25.14604377746582,16.17962074279785
2022-08-04,18.176982879638672,16.432350158691406,25.492700576782227,16.486238479614258
2022-08-05,18.480796813964844,16.630115509033203,25.98158073425293,16.79285430908203
2022-08-08,18.680450439453125,16.684051513671875,26.13268280029297,17.3216609954834
2022-08-09,19.201284408569336,16.926761627197266,26.31045913696289,17.610504150390625
2022-08-10,19.522457122802734,17.196439743041992,26.817113876342773,17.7615909576416
2022-08-11,19.61794090270996,17.340269088745117,26.843780517578125,18.548128128051758
2022-08-12,19.79155731201172,17.556011199951172,27.110437393188477,19.59684944152832
2022-08-15,19.965164184570312,17.46611213684082,27.52307891845703,19.103595733642578
2022-08-16,20.190853118896484,17.71781349182129,27.035783767700195,19.196914672851562
2022-08-17,20.25161361694336,17.74477767944336,27.189189910888672,19.023609161376953
2022-08-18,20.208215713500977,17.852659225463867,27.47795867919922,18.583677291870117
2022-08-19,19.967632293701172,17.62792205810547,27.08090591430664,18.24151039123535
2022-08-22,19.74773406982422,17.385217666625977,26.710922241210938,18.428150177001953
2022-08-23,19.74773406982422,17.511058807373047,26.846281051635742,18.541854858398438
2022-08-24,19.879676818847656,17.41218376159668,26.963590621948242,18.233718872070312
2022-08-25,20.05560302734375,17.538036346435547,27.279430389404297,18.666898727416992
2022-08-26,20.002822875976562,17.475107192993164,27.135047912597656,18.573116302490234
2022-08-29,19.90605926513672,17.538036346435547,27.07187843322754,18.957172393798828
2022-08-30,19.853288650512695,17.484100341796875,27.117002487182617,18.903583526611328
2022-08-31,19.47504425048828,17.043624877929688,26.503372192382812,18.61777687072754
2022-09-01,19.613828659057617,17.187454223632812,26.58458709716797,18.903583526611328
2022-09-02,19.89553451538086,17.375486373901367,26.656780242919922,18.992895126342773
2022-09-05,20.106813430786133,17.411481857299805,26.981639862060547,18.590980529785156
2022-09-06,20.053993225097656,17.303503036499023,26.819210052490234,17.697826385498047
2022-09-08,19.97476577758789,17.204524993896484,26.647754669189453,17.621906280517578
2022-09-09,20.098011016845703,17.438478469848633,27.225290298461914,18.108680725097656
2022-09-12,20.256473541259766,17.609445571899414,27.514055252075195,18.39002227783203
2022-09-13,20.098011016845703,17.474470138549805,27.14406967163086,18.081499099731445
2022-09-14,19.96596336364746,17.39348793029785,27.008710861206055,18.0994815826416
2022-09-15,19.983566284179688,17.330493927001953,26.837257385253906,17.915159225463867
2022-09-16,19.93955421447754,17.132535934448242,26.819210052490234,17.71285629272461
2022-09-19,20.502965927124023,17.57345199584961,27.514055252075195,18.063514709472656
2022-09-20,21.083982467651367,18.14033317565918,28.226945877075195,18.337751388549805
2022-09-21,20.995954513549805,18.03235626220703,28.01939582824707,18.207378387451172
2022-09-22,21.321670532226562,18.44626808166504,28.39840316772461,18.540056228637695
2022-09-23,21.02236557006836,18.086345672607422,28.0013484954834,18.310779571533203
2022-09-26,20.494165420532227,17.762405395507812,27.261383056640625,17.54651641845703
2022-09-27,20.441347122192383,17.654436111450195,27.153095245361328,17.32622528076172
2022-09-28,20.335697174072266,17.663427352905273,27.189189910888672,17.330724716186523
2022-09-29,20.63501739501953,17.798404693603516,27.19821548461914,17.236316680908203
2022-09-30,20.705440521240234,17.852394104003906,27.37869644165039,17.317243576049805
2022-10-03,21.804616928100586,19.085145950317383,28.849599838256836,18.63895606994629
2022-10-04,21.927955627441406,19.07521629333496,29.03007698059082,17.63642692565918
2022-10-05,21.927955627441406,19.28236198425293,29.057151794433594,17.91965675354004
2022-10-06,21.663654327392578,18.88608169555664,28.732288360595703,18.238847732543945
2022-10-07,21.593177795410156,18.43577003479004,28.452545166015625,18.27930450439453
2022-10-10,21.33768653869629,18.156574249267578,28.181825637817383,18.01406478881836
2022-10-11,21.284828186035156,18.111547470092773,27.514055252075195,17.58248519897461
2022-10-13,21.135053634643555,17.850372314453125,27.19821548461914,17.70386505126953
2022-10-14,21.15267562866211,17.73328971862793,27.153095245361328,17.604963302612305
2022-10-17,21.276020050048828,17.8593692779541,27.39674186706543,17.753314971923828
2022-10-18,21.707704544067383,17.994464874267578,27.829893112182617,17.96011734008789
2022-10-19,21.769378662109375,18.07552146911621,27.784772872924805,18.724376678466797
2022-10-20,22.121780395507812,18.282665252685547,28.263044357299805,19.60102653503418
2022-10-21,22.76490592956543,18.669933319091797,28.759361267089844,20.086559295654297
2022-10-24,22.024864196777344,17.877384185791016,27.6673526763916,18.072507858276367
2022-10-25,21.927955627441406,17.769311904907227,27.511714935302734,17.76230812072754
2022-10-26,21.531505584716797,16.99477195739746,26.065174102783203,17.132917404174805
2022-10-27,21.769378662109375,17.30999183654785,26.532094955444336,17.348705291748047
2022-10-28,21.848665237426758,17.409059524536133,26.550405502319336,17.45210838317871
2022-10-31,22.39487648010254,17.886390686035156,27.2645206451416,16.642892837524414
2022-11-01,22.278200149536133,17.985456466674805,27.06310272216797,17.038509368896484
2022-11-03,22.357547760009766,17.678028106689453,26.78844451904297,17.39366340637207
2022-11-04,22.419265747070312,17.488719940185547,27.23705291748047,17.649917602539062
2022-11-07,21.9960880279541,16.91176986694336,27.9603214263916,17.034015655517578
2022-11-08,21.96964454650879,16.74950408935547,28.317378997802734,17.11493492126465
2022-11-09,20.84999656677246,13.837724685668945,26.85253143310547,16.660873413085938
2022-11-10,20.603151321411133,13.432058334350586,25.63487434387207,16.332693099975586
2022-11-11,20.188793182373047,13.657427787780762,26.34898567199707,15.96854305267334
2022-11-14,20.188793182373047,13.666443824768066,26.532094955444336,16.364160537719727
2022-11-16,19.92430877685547,13.711515426635742,25.63487434387207,15.847160339355469
2022-11-17,19.950761795043945,14.009004592895508,25.52501106262207,15.509990692138672
2022-11-18,20.118267059326172,14.072111129760742,25.59825325012207,15.456039428710938
2022-11-21,20.012475967407227,13.972945213317871,25.488388061523438,15.824686050415039
2022-11-22,19.853784561157227,13.918854713439941,25.46092414855957,15.377546310424805
2022-11-23,19.668643951416016,13.819694519042969,25.662342071533203,15.567278861999512
2022-11-24,20.135896682739258,14.099153518676758,26.147571563720703,15.820261001586914
2022-11-25,19.712724685668945,13.837724685668945,25.451766967773438,15.45434284210205
2022-11-28,19.483510971069336,13.819694519042969,25.122175216674805,15.734427452087402
2022-11-29,19.57166862487793,13.981961250305176,25.268661499023438,15.924161911010742
2022-11-30,19.853784561157227,14.045063972473145,25.158798217773438,15.937710762023926
2022-12-01,19.84288787841797,13.882798194885254,25.378524780273438,15.919644355773926
2022-12-02,19.913471221923828,13.872846603393555,25.488388061523438,16.27652359008789
2022-12-05,19.551725387573242,13.358369827270508,24.939069747924805,15.90157413482666
2022-12-06,19.728181838989258,13.674274444580078,25.332748413085938,16.064205169677734
2022-12-07,19.754657745361328,13.520835876464844,25.49754524230957,16.02806282043457
2022-12-08,19.11058235168457,13.132719993591309,24.893295288085938,15.824777603149414
2022-12-09,18.971752166748047,12.907072067260742,24.865829467773438,15.802190780639648
2022-12-12,18.700977325439453,12.762659072875977,24.554542541503906,15.264610290527344
2022-12-13,18.132369995117188,12.383567810058594,23.840435028076172,14.541428565979004
2022-12-14,18.321910858154297,12.6453218460083,23.748878479003906,14.18086051940918
2022-12-15,18.466312408447266,12.491880416870117,23.67563819885254,14.58250617980957
2022-12-16,18.529495239257812,12.47382926940918,23.748878479003906,14.879176139831543
2022-12-19,18.818315505981445,12.816813468933105,24.38974952697754,15.038922309875488
2022-12-20,19.242517471313477,13.277134895324707,25.103864669799805,15.426873207092285
2022-12-21,19.41400146484375,13.38544750213623,25.186262130737305,15.572928428649902
2022-12-22,19.46815299987793,13.430574417114258,25.305280685424805,15.71441650390625
2022-12-23,19.72989273071289,13.665249824523926,25.817981719970703,16.102371215820312
2022-12-26,19.47718048095703,13.34031867980957,25.52501106262207,16.07954978942871
2022-12-27,19.29666519165039,13.277134895324707,25.607406616210938,15.545543670654297
2022-12-28,19.793071746826172,13.683303833007812,26.001083374023438,15.823956489562988
2022-12-29,19.756973266601562,13.674274444580078,25.817981719970703,15.851344108581543
2023-01-02,19.375473022460938,13.313237190246582,25.296127319335938,15.180410385131836
2023-01-03,19.005125045776367,12.652571678161621,25.186262130737305,14.89743423461914
2023-01-04,19.0231876373291,12.68872356414795,25.698957443237305,15.089129447937012
2023-01-05,19.583223342895508,13.240013122558594,26.110950469970703,15.778316497802734
2023-01-06,19.836145401000977,13.610550880432129,26.78844451904297,15.997398376464844
2023-01-09,19.890342712402344,13.782986640930176,26.760976791381836,15.842214584350586
2023-01-10,20.206491470336914,14.196664810180664,27.758907318115234,16.111501693725586
2023-01-11,20.71233367919922,14.478716850280762,28.72021484375,16.33970832824707
2023-01-12,20.676204681396484,14.140254974365234,27.9053897857666,16.234731674194336
2023-01-13,20.44135093688965,14.093243598937988,27.37438201904297,16.27124786376953
2023-01-16,20.04390525817871,13.66076374053955,26.34898567199707,16.25299072265625
2023-01-17,20.450382232666016,13.754780769348145,26.449695587158203,17.20690155029297
2023-01-18,20.55877685546875,13.961620330810547,27.20043182373047,17.4533634185791
2023-01-19,20.450382232666016,13.989825248718262,26.88915252685547,17.850448608398438
2023-01-20,20.179393768310547,13.792387962341309,26.715200424194336,18.288604736328125
2023-01-23,19.709684371948242,13.209479331970215,25.735584259033203,18.151681900024414
2023-01-24,19.673555374145508,13.350505828857422,26.229969024658203,18.060400009155273
2023-01-25,19.800010681152344,13.256487846374512,26.449695587158203,18.55333137512207
2023-01-26,19.718717575073242,13.29409408569336,26.577871322631836,18.544200897216797
2023-01-27,19.221914291381836,12.899223327636719,26.65938377380371,18.338809967041016
2023-01-30,19.239978790283203,12.965033531188965,26.547761917114258,18.62635612487793
2023-01-31,19.46579933166504,13.181273460388184,26.88262939453125,18.57615089416504
2023-02-01,19.30998992919922,12.927427291870117,25.70128059387207,18.35250473022461
2023-02-02,19.355195999145508,13.124170303344727,25.561752319335938,18.00562858581543
2023-02-03,19.30998992919922,12.832314491271973,25.20827865600586,17.891525268554688
2023-02-06,19.472719192504883,12.785237312316895,25.617565155029297,17.9919376373291
2023-02-07,19.19246482849121,12.709920883178711,25.878019332885742,17.745473861694336
2023-02-08,20.449060440063477,13.33129596710205,26.752403259277344,18.165374755859375
2023-02-09,19.97896957397461,12.992362976074219,26.715194702148438,18.069528579711914
2023-02-10,19.85240364074707,11.928496360778809,26.891931533813477,18.425533294677734
2023-02-13,20.521387100219727,12.352160453796387,26.780309677124023,18.530508041381836
2023-02-14,20.277299880981445,12.465137481689453,26.68729019165039,18.96410369873047
2023-02-15,20.494266510009766,12.954706192016602,27.059364318847656,19.137540817260742
2023-02-16,20.63890838623047,13.199490547180176,27.68259620666504,19.352060317993164
2023-02-17,20.702186584472656,13.124170303344727,27.719802856445312,19.543752670288086
2023-02-22,20.268253326416016,12.992362976074219,27.375633239746094,19.05994987487793
2023-02-23,20.349620819091797,12.935876846313477,27.70119857788086,19.215131759643555
2023-02-24,19.798166275024414,12.521626472473145,27.10587501525879,18.845890045166016
2023-02-27,19.572158813476562,12.3992338180542,26.696592330932617,18.58983039855957
2023-02-28,19.635440826416016,12.31450080871582,26.39892578125,18.762086868286133
2023-03-01,19.416168212890625,12.220356941223145,25.831510543823242,18.156858444213867
2023-03-02,18.945695877075195,12.059102058410645,25.394317626953125,17.42593002319336
2023-03-03,18.945695877075195,12.125102043151855,25.003633499145508,17.621461868286133
2023-03-06,19.090452194213867,12.53052806854248,25.115257263183594,18.021846771240234
2023-03-07,19.289505004882812,12.82281494140625,25.43152618408203,18.436193466186523
2023-03-08,19.54283905029297,13.218812942504883,25.515243530273438,18.622419357299805
2023-03-09,19.289505004882812,13.171669960021973,25.515243530273438,18.217384338378906
2023-03-10,18.846168518066406,12.794529914855957,24.817596435546875,17.872867584228516
2023-03-13,18.601882934570312,12.65310001373291,24.501331329345703,17.76113510131836
2023-03-14,18.547597885131836,12.577672958374023,24.58504867553711,17.62582015991211
2023-03-15,18.574745178222656,12.756813049316406,24.538537979125977,17.64461326599121
2023-03-16,18.61998176574707,13.11510181427002,24.826900482177734,17.832576751708984
2023-03-17,18.212841033935547,12.568244934082031,23.840890884399414,17.527141571044922
2023-03-20,18.194740295410156,12.351387977600098,23.822288513183594,17.428464889526367
2023-03-21,18.439022064208984,12.389104843139648,24.14785385131836,17.635217666625977
2023-03-22,18.38473892211914,12.275959968566895,24.11064910888672,17.677509307861328
2023-03-23,17.932361602783203,11.85167407989502,23.73857307434082,17.48484992980957
2023-03-24,18.209260940551758,11.983674049377441,24.045536041259766,17.66341209411621
2023-03-27,18.438480377197266,12.200530052185059,24.212970733642578,17.672813415527344
2023-03-28,18.566844940185547,12.181670188903809,24.166458129882812,17.794979095458984
2023-03-29,18.66770362854004,12.247672080993652,24.166458129882812,18.001737594604492
2023-03-30,19.208663940429688,12.615386962890625,24.845502853393555,18.330663681030273
2023-03-31,19.309518814086914,12.417387008666992,24.929218292236328,18.377655029296875
2023-04-03,18.7292423248291,12.106245040893555,24.464122772216797,18.161502838134766
2023-04-04,19.13300895690918,12.379109382629395,24.71527671813965,18.462234497070312
2023-04-05,19.087125778198242,12.482980728149414,24.305992126464844,18.39645004272461
2023-04-06,19.041244506835938,12.303569793701172,24.1385555267334,18.335363388061523
2023-04-10,19.197242736816406,12.445209503173828,24.305992126464844,18.344762802124023
2023-04-11,19.82124900817871,13.096738815307617,25.301301956176758,18.767669677734375
2023-04-12,20.02312660217285,13.030641555786133,25.273393630981445,20.07398223876953
2023-04-13,19.90383529663086,13.040083885192871,25.561752319335938,20.064584732055664
2023-04-14,20.188304901123047,13.021201133728027,25.850112915039062,20.407608032226562
2023-04-17,20.133249282836914,12.964545249938965,25.636165618896484,20.45459747314453
2023-04-18,20.133249282836914,12.879563331604004,25.254789352416992,20.4921875
2023-04-19,19.79371452331543,12.643500328063965,25.198976516723633,20.252540588378906
2023-04-20,19.830419540405273,12.756808280944824,25.078052520751953,20.445199966430664
2023-04-24,19.665245056152344,12.652942657470703,24.845502853393555,20.402908325195312
2023-04-25,19.839597702026367,12.9362154006958,25.08469581604004,20.214946746826172
2023-04-26,19.68360137939453,12.747366905212402,24.735246658325195,20.05048370361328
2023-04-27,20.032304763793945,12.992870330810547,25.10358428955078,20.07398223876953
2023-04-28,20.270891189575195,13.077855110168457,25.377479553222656,20.139766693115234
2023-05-02,19.552398681640625,12.88900375366211,25.037471771240234,19.660470962524414
2023-05-03,19.396272659301758,13.001503944396973,25.075252532958984,19.599388122558594
2023-05-04,19.469743728637695,13.304082870483398,25.509700775146484,19.820236206054688
2023-05-05,20.05750846862793,13.965978622436523,26.55804443359375,20.323026657104492
2023-05-08,20.45241355895996,14.486037254333496,26.93582534790039,20.243146896362305
2023-05-09,20.654457092285156,14.344202041625977,27.351383209228516,20.182058334350586
2023-05-10,21.003446578979492,14.372568130493164,27.710277557373047,20.445199966430664
2023-05-11,21.16875457763672,14.561681747436523,28.361949920654297,20.863407135009766
2023-05-12,21.086097717285156,14.627875328063965,28.569730758666992,20.783525466918945
2023-05-15,21.141202926635742,14.85480785369873,28.267505645751953,20.882204055786133
2023-05-16,21.02181625366211,14.864263534545898,28.135282516479492,20.280738830566406
2023-05-17,21.159570693969727,14.798073768615723,28.361949920654297,20.313629150390625
2023-05-18,21.13201904296875,14.845353126525879,28.428064346313477,20.299531936645508
2023-05-19,20.87487030029297,15.204665184020996,28.314727783203125,20.694246292114258
2023-05-22,20.654457092285156,15.053377151489258,28.125837326049805,20.421701431274414
2023-05-23,20.709558486938477,15.176297187805176,27.965280532836914,20.900999069213867
2023-05-24,20.590167999267578,14.712973594665527,27.842500686645508,20.96208381652832
2023-05-25,21.16875457763672,15.242490768432617,27.559165954589844,20.985578536987305
2023-05-26,21.067729949951172,15.242490768432617,27.596940994262695,20.863407135009766
2023-05-29,20.893238067626953,15.261399269104004,27.68194580078125,20.82581329345703
2023-05-30,20.792219161987305,14.845353126525879,27.26638412475586,21.004379272460938
2023-05-31,20.544254302978516,14.665695190429688,27.011383056640625,20.966781616210938
2023-06-01,20.762678146362305,14.92099666595459,27.50249671936035,21.02317237854004
2023-06-02,21.038414001464844,14.938960075378418,28.135282516479492,21.335247039794922
2023-06-05,21.249805450439453,15.459647178649902,28.19194793701172,21.46877098083496
2023-06-06,21.31414222717285,15.705790519714355,28.70195198059082,21.71674346923828
2023-06-07,21.323335647583008,15.696321487426758,28.815290451049805,21.707204818725586
2023-06-09,21.755313873291016,15.961397171020508,29.108068466186523,22.765865325927734
2023-06-12,21.65421485900879,15.828861236572266,28.163616180419922,23.590848922729492
2023-06-13,21.71855354309082,15.847793579101562,28.616952896118164,23.345314025878906
2023-06-14,22.12295913696289,15.951934814453125,28.55084228515625,23.46055030822754
2023-06-15,22.48141098022461,15.999262809753418,29.06084632873535,23.94070816040039
2023-06-16,22.398691177368164,16.046606063842773,28.834178924560547,23.76304817199707
2023-06-19,22.904203414916992,16.33061408996582,29.249736785888672,24.204795837402344
2023-06-20,22.835729598999023,16.368480682373047,29.221405029296875,24.199993133544922
2023-06-21,23.012252807617188,16.33061408996582,29.5614070892334,24.96344566345215
2023-06-22,22.9843807220459,15.904597282409668,29.004180908203125,24.48809051513672
2023-06-23,22.956506729125977,15.705790519714355,29.004180908203125,24.497692108154297
2023-06-26,22.891475677490234,15.630054473876953,29.07973861694336,24.55531120300293
2023-06-27,22.733535766601562,15.684568405151367,28.87195587158203,24.10396385192871
2023-06-28,22.566314697265625,15.425872802734375,28.47528648376465,23.811065673828125
2023-06-29,22.742830276489258,15.492941856384277,28.919179916381836,24.031936645507812
2023-06-30,22.779991149902344,15.761218070983887,28.92862319946289,23.719837188720703
2023-07-03,23.112499237060547,15.962427139282227,29.66529655456543,24.195194244384766
2023-07-04,23.084609985351562,15.865520477294922,29.06084632873535,24.041540145874023
2023-07-05,23.233366012573242,15.894298553466797,28.645288467407227,23.883089065551758
2023-07-06,23.224063873291016,15.510608673095703,28.04083824157715,23.532573699951172
2023-07-07,23.52157211303711,15.616122245788574,28.163616180419922,23.988725662231445
2023-07-10,23.289140701293945,15.625717163085938,28.078615188598633,23.546977996826172
2023-07-11,23.000938415527344,15.635305404663086,27.86138916015625,23.21086883544922
2023-07-12,22.84288787841797,15.491425514221191,27.521387100219727,22.836345672607422
2023-07-13,23.010231018066406,15.875109672546387,27.870834350585938,23.052413940429688
2023-07-14,22.77780532836914,15.760004997253418,27.68194580078125,22.89876365661621
2023-07-17,23.09391212463379,15.923074722290039,28.276952743530273,23.100431442260742
2023-07-18,22.9637451171875,15.894298553466797,28.125837326049805,23.177257537841797
2023-07-19,22.77780532836914,15.836745262145996,27.86138916015625,22.773921966552734
2023-07-20,23.12179946899414,15.846335411071777,28.012502670288086,23.023605346679688
2023-07-21,23.344926834106445,16.364316940307617,28.73381233215332,23.29729652404785
2023-07-24,23.158985137939453,15.923074722290039,28.513593673706055,22.841144561767578
2023-07-25,23.168283462524414,15.865520477294922,28.197628021240234,22.721105575561523
2023-07-26,23.18687629699707,16.02858543395996,28.101879119873047,22.913169860839844
2023-07-27,22.889373779296875,15.664083480834961,27.192277908325195,22.442611694335938
2023-07-28,23.000938415527344,15.836745262145996,27.56569480895996,22.7018985748291
2023-07-31,23.010231018066406,15.980628967285156,27.345474243164062,23.138843536376953
2023-08-01,22.99873924255371,15.9422607421875,27.41249656677246,22.740310668945312
2023-08-02,23.045263290405273,16.008493423461914,27.29759979248047,22.841144561767578
2023-08-03,22.840578079223633,15.893254280090332,27.23057746887207,22.87955665588379
2023-08-04,22.663806915283203,14.836909294128418,26.636943817138672,22.759519577026367
2023-08-07,22.61728858947754,14.731274604797363,26.656091690063477,22.721105575561523
2023-08-08,22.40330696105957,14.798493385314941,26.32097625732422,22.562652587890625
2023-08-09,22.207927703857422,14.721670150756836,25.985858917236328,22.43781089782715
2023-08-10,22.19862174987793,14.846510887145996,25.90926170349121,22.553049087524414
2023-08-11,22.07767677307129,14.76008129119873,26.043310165405273,22.797929763793945
2023-08-14,21.872995376586914,14.683258056640625,25.92841148376465,22.57225799560547
2023-08-15,21.835779190063477,14.721670150756836,25.746490478515625,22.45221519470215
2023-08-16,21.733442306518555,14.644845008850098,25.46882438659668,22.64427947998047
2023-08-17,21.65900993347168,14.491193771362305,25.1911563873291,22.85555076599121
2023-08-18,21.789264678955078,14.587224960327148,25.31562614440918,22.946779251098633
2023-08-21,21.519453048706055,14.481590270996094,25.20073127746582,22.86515235900879
2023-08-22,21.891605377197266,14.57762336730957,25.51669692993164,23.36134910583496
2023-08-23,22.068368911743164,14.779288291931152,25.803939819335938,23.463621139526367
2023-08-24,21.77065086364746,14.423973083496094,25.641170501708984,23.156808853149414
2023-08-25,21.57527732849121,14.241511344909668,25.612443923950195,22.85487174987793
2023-08-28,22.07767677307129,14.70246410369873,26.014585494995117,23.512317657470703
2023-08-29,22.29166030883789,14.875322341918945,26.723115921020508,23.643808364868164
2023-08-30,21.94742202758789,14.558416366577148,26.359275817871094,23.302907943725586
2023-08-31,21.686920166015625,14.3567476272583,25.957136154174805,22.937660217285156
2023-09-01,21.77783966064453,14.395161628723145,26.17735481262207,23.09349822998047
2023-09-04,21.768526077270508,14.326869010925293,26.052881240844727,23.020450592041016
2023-09-05,21.368165969848633,14.01917839050293,25.756067276000977,22.937660217285156
2023-09-06,21.22850227355957,13.826870918273926,25.564571380615234,22.78182029724121
2023-09-08,21.275060653686523,13.826870918273926,25.373075485229492,22.713638305664062
2023-09-11,21.59162712097168,14.086484909057617,25.823091506958008,23.074020385742188
2023-09-12,21.740596771240234,14.259560585021973,25.97628402709961,23.198692321777344
2023-09-13,21.92681121826172,14.317254066467285,25.899686813354492,23.179073333740234
2023-09-14,21.936120986938477,14.374944686889648,25.8518123626709,23.242834091186523
2023-09-15,21.991985321044922,14.346098899841309,25.229455947875977,23.321306228637695
2023-09-18,22.010610580444336,14.346098899841309,25.373075485229492,23.223215103149414
2023-09-19,22.075878143310547,14.182638168334961,25.15285873413086,23.18888282775879
2023-09-20,22.273656845092773,14.240331649780273,25.430524826049805,23.394878387451172
2023-09-21,21.746244430541992,13.711485862731934,24.980512619018555,22.86027717590332
2023-09-22,21.548463821411133,13.605716705322266,24.970937728881836,22.899511337280273
2023-09-25,21.63322639465332,13.567255973815918,24.942211151123047,22.767087936401367
2023-09-26,21.369524002075195,13.423026084899902,24.76029396057129,22.443384170532227
2023-09-27,21.35068702697754,13.384565353393555,24.48262596130371,22.639572143554688
2023-09-28,21.680315017700195,13.701870918273926,24.903913497924805,23.365447998046875
2023-09-29,21.717988967895508,13.749948501586914,24.942211151123047,23.13983726501465
2023-10-02,21.51784324645996,13.557640075683594,24.81774139404297,23.076078414916992
2023-10-03,21.338762283325195,13.392971992492676,24.607097625732422,22.781803131103516
2023-10-04,21.706348419189453,13.845503807067871,24.9517879486084,22.95346450805664
2023-10-05,22.026805877685547,13.90327262878418,25.545421600341797,23.02212905883789
2023-10-06,22.243589401245117,13.932158470153809,26.033735275268555,23.958900451660156
2023-10-09,22.08336067199707,13.806989669799805,26.263530731201172,23.831384658813477
2023-10-10,22.168190002441406,13.961044311523438,26.579496383666992,23.79214859008789
2023-10-11,22.34726333618164,14.163238525390625,26.790138244628906,24.017759323120117
2023-10-13,22.271865844726562,13.951415061950684,26.3114013671875,23.944190979003906
2023-10-16,22.196462631225586,14.095839500427246,26.234804153442383,24.42974281311035
2023-10-17,21.960830688476562,13.951415061950684,25.631595611572266,24.20903778076172
2023-10-18,21.66864776611328,13.826247215270996,25.382652282714844,24.091325759887695
2023-10-19,21.82887840270996,13.893644332885742,25.669893264770508,24.27770233154297
2023-10-20,21.800601959228516,13.63368034362793,25.478744506835938,24.199228286743164
2023-10-23,21.715774536132812,13.652936935424805,26.042564392089844,24.16489601135254
2023-10-24,21.678071975708008,13.652936935424805,26.703590393066406,24.052091598510742
2023-10-25,21.63094711303711,13.614423751831055,26.236984252929688,24.056995391845703
2023-10-26,22.149333953857422,13.961044311523438,26.985502243041992,24.557262420654297
2023-10-27,21.894853591918945,13.816617965698242,26.305030822753906,23.93437957763672
2023-10-30,21.753475189208984,13.662564277648926,25.964794158935547,23.767623901367188
2023-10-31,21.414165496826172,13.470000267028809,26.16893768310547,23.713672637939453
2023-11-01,21.826984405517578,13.59516716003418,26.441125869750977,23.738197326660156
2023-11-03,22.3269100189209,14.240144729614258,26.985502243041992,24.571977615356445
2023-11-06,22.562725067138672,14.23050308227539,26.985502243041992,24.74363899230957
2023-11-07,23.1569766998291,14.606510162353516,27.646530151367188,25.02320098876953
2023-11-08,23.31732749938965,14.683640480041504,28.35616111755371,25.341997146606445
2023-11-09,23.41165542602539,14.712566375732422,28.39504623413086,24.28260612487793
2023-11-10,23.609743118286133,14.500456809997559,29.03663444519043,24.640642166137695
2023-11-13,23.628604888916016,14.211220741271973,29.23105239868164,24.547454833984375
2023-11-14,23.770092010498047,14.510099411010742,29.940683364868164,24.6651668548584
2023-11-16,24.119094848632812,15.011445999145508,31.0877628326416,24.660259246826172
2023-11-17,24.25115394592285,14.876466751098633,30.144826889038086,24.846633911132812
2023-11-20,24.336048126220703,14.915031433105469,30.105939865112305,24.97905921936035
2023-11-21,24.298320770263672,14.857182502746582,29.843475341796875,25.155624389648438
2023-11-22,24.524702072143555,15.165704727172852,30.144826889038086,24.989511489868164
2023-11-23,24.71335220336914,15.570638656616211,30.08650016784668,25.073057174682617
2023-11-24,24.68505096435547,15.580278396606445,29.843475341796875,25.043569564819336
2023-11-27,24.675622940063477,15.483863830566406,29.746265411376953,25.50551986694336
2023-11-28,24.751081466674805,15.628483772277832,29.697660446166992,25.874095916748047
2023-11-29,24.986896514892578,15.55135440826416,29.843475341796875,25.913410186767578
2023-11-30,25.2415771484375,15.686333656311035,30.13510513305664,26.670223236083984
2023-12-01,25.46588897705078,15.734539031982422,30.13510513305664,26.724281311035156
2023-12-04,25.560277938842773,15.617720603942871,30.096220016479492,26.62108039855957
2023-12-05,25.749053955078125,15.762507438659668,30.212873458862305,26.62108039855957
2023-12-06,25.343185424804688,15.598416328430176,29.746265411376953,26.05101203918457
2023-12-07,25.673982620239258,15.6370267868042,29.853195190429688,26.47364616394043
2023-12-08,25.931201934814453,15.887989044189453,30.232315063476562,26.758682250976562
2023-12-11,25.807355880737305,15.762507438659668,30.144826889038086,26.753767013549805
2023-12-12,25.82640838623047,15.685287475585938,29.911521911621094,25.963634490966797
2023-12-13,26.502792358398438,16.3706111907959,30.864181518554688,26.20101547241211
2023-12-14,26.788589477539062,16.650535583496094,30.912784576416016,26.374107360839844
2023-12-15,26.645689010620117,16.81462860107422,30.533666610717773,27.007125854492188
2023-12-18,26.845746994018555,16.940113067626953,30.747528076171875,27.026906967163086
2023-12-19,26.826692581176758,16.940113067626953,31.029438018798828,27.12581443786621
2023-12-20,26.645689010620117,16.66019058227539,30.43645477294922,26.80930519104004
2023-12-21,26.760009765625,16.669841766357422,30.504501342773438,26.8488712310791
2023-12-22,26.969593048095703,16.7215518951416,30.6600399017334,26.923051834106445
2023-12-26,27.283966064453125,16.771230697631836,30.815576553344727,27.170324325561523
2023-12-27,27.436389923095703,16.870586395263672,31.184974670410156,27.130760192871094
2023-12-28,27.47449493408203,16.979877471923828,31.398834228515625,27.39286994934082
2024-01-02,27.157691955566406,16.64206886291504,31.15580940246582,27.0813045501709
2024-01-03,27.100494384765625,16.66094207763672,31.116926193237305,27.106035232543945
2024-01-04,26.623878479003906,16.43216323852539,30.825294494628906,26.819196701049805
2024-01-05,27.157691955566406,16.79024887084961,31.233579635620117,27.140653610229492
2024-01-08,27.01470375061035,16.66094207763672,31.029438018798828,27.37308692932129
2024-01-09,26.88125228881836,16.213335037231445,30.125385284423828,26.962615966796875
2024-01-10,26.97657585144043,15.934823989868164,29.7559871673584,26.918107986450195
2024-01-11,26.938444137573242,15.85524845123291,29.658777236938477,27.101089477539062
2024-01-12,26.986108779907227,15.725940704345703,29.48379898071289,27.259342193603516
2024-01-15,27.129093170166016,15.78562068939209,29.444913864135742,27.793453216552734
2024-01-16,26.7573299407959,15.64636516571045,28.92970085144043,27.63519859313965
2024-01-17,26.66200828552246,15.676206588745117,29.23105239868164,27.689598083496094
2024-01-18,26.509489059448242,15.586684226989746,29.075515747070312,27.36814308166504
2024-01-19,26.690603256225586,15.556843757629395,29.367145538330078,27.654977798461914
2024-01-22,26.414165496826172,15.377799987792969,29.468482971191406,27.471996307373047
2024-01-23,26.499956130981445,15.298226356506348,29.291139602661133,27.961597442626953
2024-01-24,26.490427017211914,15.238545417785645,29.06453514099121,28.01599884033203
2024-01-25,26.40463638305664,15.278331756591797,28.74925994873047,27.981380462646484
2024-01-26,26.709667205810547,15.437481880187988,28.946306228637695,28.174251556396484
2024-01-29,26.642942428588867,15.298226356506348,28.483243942260742,27.951705932617188
2024-01-30,26.4237003326416,15.188811302185059,28.768964767456055,27.80828857421875
2024-01-31,26.58574676513672,15.268386840820312,28.227083206176758,27.91708755493164
2024-02-01,26.74566078186035,15.238545417785645,28.699996948242188,28.555051803588867
2024-02-02,26.65981674194336,15.257441520690918,28.384719848632812,28.545162200927734
2024-02-05,26.984119415283203,15.566176414489746,28.699996948242188,28.85177993774414
2024-02-06,28.19549560546875,16.532217025756836,29.320697784423828,29.474905014038086
2024-02-07,27.918882369995117,13.902996063232422,28.63102912902832,29.39577865600586
2024-02-08,27.651805877685547,13.504630088806152,27.980772018432617,28.9506893157959
2024-02-09,27.98565101623535,13.405037879943848,28.108854293823242,28.470979690551758
2024-02-14,27.8902645111084,13.315404891967773,27.823135375976562,28.85672378540039
2024-02-15,28.185956954956055,13.375160217285156,28.049739837646484,28.861669540405273
2024-02-16,28.357650756835938,13.424955368041992,28.621177673339844,28.619342803955078
2024-02-19,28.567493438720703,13.59426212310791,28.660587310791016,29.138614654541016
2024-02-20,29.416410446166992,13.912956237792969,28.926603317260742,29.3265438079834
2024-02-21,29.359180450439453,13.863160133361816,28.5423583984375,29.39577865600586
2024-02-22,29.3642520904541,13.942832946777344,28.473392486572266,28.84186363220215
2024-02-23,29.354351043701172,13.763566970825195,28.089149475097656,28.484445571899414
2024-02-26,29.32465171813965,13.743650436401367,27.97092056274414,28.757474899291992
2024-02-27,29.70086097717285,13.962751388549805,28.55221176147461,29.10496711730957
2024-02-28,29.849365234375,13.902996063232422,28.571916580200195,29.164535522460938
2024-02-29,29.01774024963379,13.693853378295898,28.17782211303711,28.72272491455078
2024-03-01,29.21354103088379,13.743650436401367,28.16796875,28.75250816345215
2024-03-04,29.01541519165039,13.612979888916016,28.089149475097656,28.63336944580078
2024-03-05,28.975788116455078,13.682790756225586,27.882247924804688,28.831937789916992
2024-03-06,29.332414627075195,13.782519340515137,27.68520164489746,29.25885581970215
2024-03-07,29.074853897094727,13.722681999206543,27.83298683166504,28.98086166381836
2024-03-08,29.272974014282227,13.802465438842773,28.108854293823242,28.697904586791992
2024-03-11,29.21354103088379,13.882247924804688,28.108854293823242,28.40998077392578
2024-03-12,29.263072967529297,14.051787376403809,28.187673568725586,28.799999237060547
2024-03-13,29.490915298461914,14.201379776000977,28.20737648010254,28.479999542236328
2024-03-14,29.560258865356445,14.291135787963867,28.17782211303711,28.354999542236328
2024-03-15,29.362133026123047,14.071731567382812,28.315753936767578,28.645000457763672
2024-03-18,29.441381454467773,14.16148853302002,28.236934661865234,28.014999389648438
2024-03-19,29.441381454467773,14.081705093383789,27.84284019470215,27.915000915527344
2024-03-20,29.5800724029541,14.261218070983887,28.187673568725586,28.21500015258789
2024-03-21,29.39185333251953,14.101651191711426,27.84284019470215,27.81999969482422
2024-03-22,29.05406951904297,13.922140121459961,27.59653091430664,27.704999923706055
2024-03-25,29.03409194946289,13.902193069458008,27.63593864440918,27.815000534057617
2024-03-26,29.573429107666016,14.101651191711426,27.714757919311523,27.96500015258789
2024-03-27,29.793155670166016,14.321053504943848,27.980772018432617,27.985000610351562
2024-03-28,29.90302085876465,14.221325874328613,28.099002838134766,28.309999465942383
2024-04-01,28.96127700805664,14.091678619384766,27.73446273803711,28.040000915527344
2024-04-02,28.91131019592285,14.170544624328613,27.73446273803711,28.084999084472656
2024-04-03,28.78139305114746,14.450161933898926,27.606382369995117,28.19499969482422
2024-04-04,28.471593856811523,14.540038108825684,28.286195755004883,28.385000228881836
2024-04-05,28.501575469970703,14.500093460083008,27.665496826171875,28.5049991607666
2024-04-08,28.78139305114746,14.599955558776855,27.823135375976562,28.950000762939453
2024-04-09,29.021240234375,14.68983268737793,27.862545013427734,29.19499969482422
2024-04-10,28.43161964416504,14.380256652832031,26.768930435180664,28.799999237060547
2024-04-11,28.331684112548828,14.370271682739258,26.946273803710938,28.8700008392334
2024-04-12,28.181781768798828,14.19051742553711,26.650699615478516,28.4950008392334
2024-04-15,27.752059936523438,13.980805397033691,26.55217742919922,28.229999542236328
2024-04-16,27.46224594116211,13.880942344665527,26.325571060180664,27.90999984741211
2024-04-17,27.48223304748535,13.811038970947266,26.30586814880371,27.969999313354492
2024-04-18,27.52220916748047,13.751121520996094,26.138378143310547,27.93000030517578
2024-04-19,27.41227912902832,13.621299743652344,26.857601165771484,27.709999084472656
2024-04-22,27.402284622192383,13.561381340026855,26.799999237060547,27.389999389648438
2024-04-23,27.77204704284668,13.65125846862793,27.170000076293945,27.600000381469727
2024-04-24,27.722078323364258,13.65125846862793,27.200000762939453,27.5
2024-04-25,27.572175979614258,13.641271591186523,26.540000915527344,27.3799991607666
2024-04-26,28.041872024536133,13.860970497131348,27.450000762939453,27.3799991607666
2024-04-29,27.782039642333984,14.04072380065918,28.1299991607666,27.549999237060547
2024-04-30,27.302349090576172,13.980805397033691,28.899999618530273,27.420000076293945
2024-05-02,27.719999313354492,13.821024894714355,29.6200008392334,27.709999084472656
2024-05-03,27.989999771118164,13.779999732971191,29.600000381469727,28.219999313354492
2024-05-06,28.059999465942383,13.770000457763672,29.600000381469727,28.3799991607666
2024-05-07,28.6200008392334,13.770000457763672,29.5,28.290000915527344
2024-05-08,28.799999237060547,13.800000190734863,29.260000228881836,28.3799991607666
2024-05-09,27.889999389648438,13.449999809265137,28.670000076293945,27.139999389648438
2024-05-10,28.209999084472656,13.369999885559082,28.5,27.6200008392334
2024-05-13,28.420000076293945,13.430000305175781,28.559999465942383,27.829999923706055
2024-05-14,28.860000610351562,13.420000076293945,28.649999618530273,28.010000228881836
2024-05-15,28.709999084472656,13.289999961853027,28.059999465942383,27.649999618530273
2024-05-16,28.6299991607666,13.359999656677246,28.049999237060547,27.68000030517578
2024-05-17,28.690000534057617,13.430000305175781,27.700000762939453,27.690000534057617
2024-05-20,28.540000915527344,13.329999923706055,27.850000381469727,27.920000076293945
2024-05-21,28.3799991607666,13.399999618530273,28.079999923706055,27.899999618530273
2024-05-22,27.950000762939453,13.100000381469727,28.1200008392334,27.5
2024-05-23,27.68000030517578,12.880000114440918,28.149999618530273,26.940000534057617
2024-05-24,27.440000534057617,12.970000267028809,28.049999237060547,27.079999923706055
2024-05-27,27.420000076293945,12.930000305175781,27.6299991607666,27.40999984741211
2024-05-28,27.350000381469727,12.920000076293945,27.940000534057617,27.31999969482422
2024-05-29,27.209999084472656,12.789999961853027,27.709999084472656,27.31999969482422
2024-05-31,27.0,12.75,27.950000762939453,27.31999969482422
