,TAEE11.SA,BBAS3.SA,ABEV3.SA,WEGE3.SA,RANI3.SA,GOGL34.SA,BERK34.SA,Capital,tx retorno
0,0.0,0.0,0.0,0.0,100000.0,0.0,0.0,100000.0,0.0
1,0.0,0.0,0.0,0.0,98886.84057263094,0.0,0.0,98886.84057263094,-1.1131594273690593
2,0.0,0.0,0.0,0.0,98330.25498797625,0.0,0.0,98330.25498797625,-0.5628510137765885
3,0.0,0.0,0.0,0.0,106679.07398361765,0.0,0.0,106679.07398361765,8.4905902020312
4,0.0,0.0,0.0,0.0,110389.63280604193,0.0,0.0,110389.63280604193,3.478244311526457
5,0.0,0.0,0.0,0.0,109090.91549560381,0.0,0.0,109090.91549560381,-1.1764848540804618
6,0.0,0.0,0.0,0.0,110204.11014879387,0.0,0.0,110204.11014879387,1.0204283721818364
7,0.0,0.0,0.0,0.0,107977.75606823477,0.0,0.0,107977.75606823477,-2.0202096614664877
8,0.0,0.0,0.0,0.0,112059.38368903585,0.0,0.0,112059.38368903585,3.7800633847417275
9,0.0,0.0,0.0,0.0,111131.72343503419,0.0,0.0,111131.72343503419,-0.8278291593820541
10,0.0,0.0,0.0,0.0,108534.32403997896,0.0,0.0,108534.32403997896,-2.3372258746384156
11,0.0,0.0,0.0,0.0,106308.00518524087,0.0,0.0,106308.00518524087,-2.051257861907385
12,0.0,0.0,0.0,0.0,108905.40458029612,0.0,0.0,108905.40458029612,2.443277334128613
13,0.0,0.0,0.0,0.0,104638.25430224693,0.0,0.0,104638.25430224693,-3.9182171853583303
14,0.0,0.0,0.0,0.0,105565.90281430827,0.0,0.0,105565.90281430827,0.88652904069082
15,0.0,0.0,0.0,0.0,103339.54873374915,0.0,0.0,103339.54873374915,-2.1089708146344366
16,0.0,0.0,0.0,0.0,103896.1284474337,0.0,0.0,103896.1284474337,0.5385931335142091
17,0.0,0.0,0.0,0.0,107606.72249567897,0.0,0.0,107606.72249567897,3.5714459274800214
18,0.0,0.0,0.0,0.0,103339.54873374915,0.0,0.0,103339.54873374915,-3.965527118532186
19,0.0,0.0,0.0,0.0,109461.99603592095,0.0,0.0,109461.99603592095,5.924592643563864
20,0.0,0.0,0.0,0.0,110018.56400766515,0.0,0.0,110018.56400766515,0.5084577222231212
21,0.0,0.0,0.0,0.0,115584.4668219734,0.0,0.0,115584.4668219734,5.059057864016903
22,0.0,0.0,0.0,0.0,115769.95425340046,0.0,0.0,115769.95425340046,0.16047781897263746
23,0.0,0.0,0.0,0.0,119666.05921695348,0.0,0.0,119666.05921695348,3.3653852492893988
24,0.0,0.0,0.0,0.0,116512.0683662734,0.0,0.0,116512.0683662734,-2.6356603295191072
25,0.0,0.0,0.0,0.0,114656.78308409109,0.0,0.0,114656.78308409109,-1.592354601713819
26,0.0,0.0,0.0,0.0,112801.50954384911,0.0,0.0,112801.50954384911,-1.6181105821548192
27,0.0,0.0,0.0,0.0,114842.32922521982,0.0,0.0,114842.32922521982,1.8092130944199702
28,0.0,0.0,0.0,0.0,114285.73776959494,0.0,0.0,114285.73776959494,-0.4846570592741406
29,0.0,0.0,0.0,0.0,113543.61191478168,0.0,0.0,113543.61191478168,-0.6493599895285418
30,0.0,0.0,0.0,0.0,116883.13716465018,0.0,0.0,116883.13716465018,2.9411828578915777
31,0.0,0.0,0.0,0.0,114285.73776959494,0.0,0.0,114285.73776959494,-2.2222190968371747
32,0.0,0.0,0.0,0.0,118367.38887427669,0.0,0.0,118367.38887427669,3.571443982722089
33,0.0,0.0,0.0,0.0,117810.79741865184,0.0,0.0,117810.79741865184,-0.4702236493668299
34,0.0,0.0,0.0,0.0,120222.65067257834,0.0,0.0,120222.65067257834,2.0472259816354033
35,0.0,0.0,0.0,0.0,116512.0683662734,0.0,0.0,116512.0683662734,-3.086425299680484
36,0.0,0.0,0.0,0.0,110575.15546329,0.0,0.0,110575.15546329,-5.0955347254842405
37,0.0,0.0,0.0,0.0,113172.56660028556,0.0,0.0,113172.56660028556,2.3490006648535733
38,0.0,0.0,0.0,0.0,113172.56660028556,0.0,0.0,113172.56660028556,0.0
39,0.0,0.0,0.0,0.0,113358.10099947397,0.0,0.0,113358.10099947397,0.16393937573555561
40,0.0,0.0,0.0,0.0,113914.68071315851,0.0,0.0,113914.68071315851,0.4909924467481286
41,0.0,0.0,0.0,0.0,115609.38321935823,0.0,0.0,115609.38321935823,1.4876945584099577
42,0.0,0.0,0.0,0.0,109819.56160291575,0.0,0.0,109819.56160291575,-5.008089702768181
43,0.0,0.0,0.0,0.0,107951.88857368303,0.0,0.0,107951.88857368303,-1.7006742714798295
44,0.0,0.0,0.0,0.0,104963.62346885097,0.0,0.0,104963.62346885097,-2.7681452768585912
45,0.0,0.0,0.0,0.0,103469.46156158412,0.0,0.0,103469.46156158412,-1.4235045036438354
46,0.0,0.0,0.0,0.0,103842.99616743067,0.0,0.0,103842.99616743067,0.36100951933941694
47,0.0,0.0,0.0,0.0,102535.62504696776,0.0,0.0,102535.62504696776,-1.2589882502571204
48,0.0,0.0,0.0,0.0,104590.0771210641,0.0,0.0,104590.0771210641,2.0036470964655217
49,0.0,0.0,0.0,0.0,108885.73683023972,0.0,0.0,108885.73683023972,4.107138867679927
50,0.0,0.0,0.0,0.0,107204.8076200496,0.0,0.0,107204.8076200496,-1.5437551869725619
51,0.0,0.0,0.0,0.0,108138.64413466596,0.0,0.0,108138.64413466596,0.8710770863243456
52,0.0,0.0,0.0,0.0,106831.29649808371,0.0,0.0,106831.29649808371,-1.2089550845063246
53,0.0,0.0,0.0,0.0,106644.5174532201,0.0,0.0,106644.5174532201,-0.17483551261306962
54,0.0,0.0,0.0,0.0,104590.0771210641,0.0,0.0,104590.0771210641,-1.926437834047301
55,0.0,0.0,0.0,0.0,104963.62346885097,0.0,0.0,104963.62346885097,0.3571527606337721
56,0.0,0.0,0.0,0.0,104590.0771210641,0.0,0.0,104590.0771210641,-0.355881719248885
57,0.0,0.0,0.0,0.0,103469.46156158412,0.0,0.0,103469.46156158412,-1.0714358286425751
58,0.0,0.0,0.0,0.0,104029.7752122943,0.0,0.0,104029.7752122943,0.5415256272274016
59,0.0,0.0,0.0,0.0,104029.7752122943,0.0,0.0,104029.7752122943,0.0
60,0.0,0.0,0.0,0.0,105523.89015179982,0.0,0.0,105523.89015179982,1.436237785246064
61,0.0,0.0,0.0,0.0,104403.2980762005,0.0,0.0,104403.2980762005,-1.0619321122328773
62,0.0,0.0,0.0,0.0,105150.35554595327,0.0,0.0,105150.35554595327,0.7155496842709885
63,0.0,0.0,0.0,0.0,106457.73840835651,0.0,0.0,106457.73840835651,1.243346116725097
64,0.0,0.0,0.0,0.0,104776.84442398738,0.0,0.0,104776.84442398738,-1.5789307658607865
65,0.0,0.0,0.0,0.0,104029.7752122943,0.0,0.0,104029.7752122943,-0.7130098408671293
66,0.0,0.0,0.0,0.0,104776.84442398738,0.0,0.0,104776.84442398738,0.7181301797187567
67,0.0,0.0,0.0,0.0,104776.84442398738,0.0,0.0,104776.84442398738,0.0
68,0.0,0.0,0.0,0.0,105710.68093860373,0.0,0.0,105710.68093860373,0.8912623010839171
69,0.0,0.0,0.0,0.0,115235.84861351168,0.0,0.0,115235.84861351168,9.010601001085327
70,0.0,0.0,0.0,0.0,118037.36989930112,0.0,0.0,118037.36989930112,2.4311195860460266
71,0.0,0.0,0.0,0.0,123080.09882016983,0.0,0.0,123080.09882016983,4.272146122173615
72,0.0,0.0,0.0,0.0,123266.8661230931,0.0,0.0,123266.8661230931,0.1517445181744126
73,0.0,0.0,0.0,0.0,122706.52898850232,0.0,0.0,122706.52898850232,-0.454572386087293
74,0.0,0.0,0.0,0.0,121399.18135192005,0.0,0.0,121399.18135192005,-1.065426304010908
75,0.0,0.0,0.0,0.0,119344.72927782369,0.0,0.0,119344.72927782369,-1.692311308212846
76,0.0,0.0,0.0,0.0,116729.97529495755,0.0,0.0,116729.97529495755,-2.1909253962772213
77,0.0,0.0,0.0,0.0,119344.72927782369,0.0,0.0,119344.72927782369,2.240002172757327
78,0.0,0.0,0.0,0.0,120797.81787780867,0.0,0.0,120797.81787780867,1.2175557385549318
79,0.0,0.0,0.0,0.0,130089.931521004,0.0,0.0,130089.931521004,7.692286008506066
80,0.0,0.0,0.0,0.0,135589.37495303224,0.0,0.0,135589.37495303224,4.227416655331484
81,0.0,0.0,0.0,0.0,141278.4037536635,0.0,0.0,141278.4037536635,4.195777731553019
82,0.0,0.0,0.0,0.0,146019.31784023446,0.0,0.0,146019.31784023446,3.3557245556350868
83,0.0,0.0,0.0,0.0,148674.2292590366,0.0,0.0,148674.2292590366,1.8181919064345742
84,0.0,0.0,0.0,0.0,157207.80181483433,0.0,0.0,157207.80181483433,5.7397792464285
85,0.0,0.0,0.0,0.0,159293.80448260315,0.0,0.0,159293.80448260315,1.326907852974002
86,0.0,0.0,0.0,0.0,159293.80448260315,0.0,0.0,159293.80448260315,0.0
87,0.0,0.0,0.0,0.0,153391.98823927256,0.0,0.0,153391.98823927256,-3.7049879387965445
88,0.0,0.0,0.0,0.0,160069.51228676634,0.0,0.0,160069.51228676634,4.353241733249891
89,0.0,0.0,0.0,0.0,151865.6886413166,0.0,0.0,151865.6886413166,-5.125163142093225
90,0.0,0.0,0.0,0.0,156253.78090478695,0.0,0.0,156253.78090478695,2.889456007297575
91,0.0,0.0,0.0,0.0,156444.57569324414,0.0,0.0,156444.57569324414,0.12210570992419179
92,0.0,0.0,0.0,0.0,154155.15565116107,0.0,0.0,154155.15565116107,-1.4634064696318783
93,0.0,0.0,0.0,0.0,147668.39116630345,0.0,0.0,147668.39116630345,-4.207945207837593
94,0.0,0.0,0.0,0.0,143471.10543323064,0.0,0.0,143471.10543323064,-2.8423724941553985
95,0.0,0.0,0.0,0.0,142326.38367024876,0.0,0.0,142326.38367024876,-0.7978761713205107
96,0.0,0.0,0.0,0.0,140609.33625159692,0.0,0.0,140609.33625159692,-1.2064154054739484
97,0.0,0.0,0.0,0.0,141181.68539114753,0.0,0.0,141181.68539114753,0.4070491724151859
98,0.0,0.0,0.0,0.0,145951.3437476516,0.0,0.0,145951.3437476516,3.3783832111719203
99,0.0,0.0,0.0,0.0,158543.2479146314,0.0,0.0,158543.2479146314,8.62746710215363
100,0.0,0.0,0.0,0.0,160260.29533328323,0.0,0.0,160260.29533328323,1.0830151654117603
101,0.0,0.0,0.0,0.0,166174.65196888856,0.0,0.0,166174.65196888856,3.6904690730199974
102,0.0,0.0,0.0,0.0,171135.11685579023,0.0,0.0,171135.11685579023,2.985091184563071
103,0.0,0.0,0.0,0.0,178003.4004659202,0.0,0.0,178003.4004659202,4.013368931122208
104,0.0,0.0,0.0,0.0,175904.75172841363,0.0,0.0,175904.75172841363,-1.1789936214776753
105,0.0,0.0,0.0,0.0,174569.2234350342,0.0,0.0,174569.2234350342,-0.7592337786539227
106,0.0,0.0,0.0,0.0,173996.88603742392,0.0,0.0,173996.88603742392,-0.3278569878173654
107,0.0,0.0,0.0,0.0,176477.1008679642,0.0,0.0,176477.1008679642,1.4254363322380614
108,0.0,0.0,0.0,0.0,175523.17389343955,0.0,0.0,175523.17389343955,-0.5405386703617454
109,0.0,0.0,0.0,0.0,169227.2276809198,0.0,0.0,169227.2276809198,-3.5869600992641693
110,0.0,0.0,0.0,0.0,168082.50591793793,0.0,0.0,168082.50591793793,-0.6764406524110034
111,0.0,0.0,0.0,0.0,169036.45637634327,0.0,0.0,169036.45637634327,0.5675489267580769
112,0.0,0.0,0.0,0.0,168273.30070639512,0.0,0.0,168273.30070639512,-0.45147401117369146
113,0.0,0.0,0.0,0.0,166937.78415495603,0.0,0.0,166937.78415495603,-0.7936592114332619
114,0.0,0.0,0.0,0.0,177621.81088900578,0.0,0.0,177621.81088900578,6.400005120549923
115,0.0,0.0,0.0,0.0,185444.03321560082,0.0,0.0,185444.03321560082,4.403863628821503
116,0.0,0.0,0.0,0.0,182582.24055008643,0.0,0.0,182582.24055008643,-1.543210970927933
117,0.0,0.0,0.0,0.0,176286.31782144736,0.0,0.0,176286.31782144736,-3.4482667699063274
118,0.0,0.0,0.0,0.0,173615.34342827083,0.0,0.0,173615.34342827083,-1.5151342578281324
119,0.0,0.0,0.0,0.0,169227.2276809198,0.0,0.0,169227.2276809198,-2.527493054877361
120,0.0,0.0,0.0,0.0,170944.27509957165,0.0,0.0,170944.27509957165,1.0146401629230528
121,0.0,0.0,0.0,0.0,176858.70218681896,0.0,0.0,176858.70218681896,3.459856777187942
122,0.0,0.0,0.0,0.0,172089.03208837454,0.0,0.0,172089.03208837454,-2.6968817702880843
123,0.0,0.0,0.0,0.0,175141.61954234613,0.0,0.0,175141.61954234613,1.7738419566471597
124,0.0,0.0,0.0,0.0,171516.65946494325,0.0,0.0,171516.65946494325,-2.0697308194791653
125,0.0,0.0,0.0,0.0,171707.45425340047,0.0,0.0,171707.45425340047,0.11123979970950604
126,0.0,0.0,0.0,0.0,170371.93770196137,0.0,0.0,170371.93770196137,-0.7777860065808162
127,0.0,0.0,0.0,0.0,169036.45637634327,0.0,0.0,169036.45637634327,-0.7838622625483738
128,0.0,0.0,0.0,0.0,166556.2180619223,0.0,0.0,166556.2180619223,-1.4672801167216587
129,0.0,0.0,0.0,0.0,164266.77453595854,0.0,0.0,164266.77453595854,-1.3745770362728726
130,0.0,0.0,0.0,0.0,159878.7057563688,0.0,0.0,159878.7057563688,-2.6713063502864176
131,0.0,0.0,0.0,0.0,156063.0096002104,0.0,0.0,156063.0096002104,-2.386619367542886
132,0.0,0.0,0.0,0.0,156253.78090478695,0.0,0.0,156253.78090478695,0.12223992415962837
133,0.0,0.0,0.0,0.0,154727.48130683097,0.0,0.0,154727.48130683097,-0.976808106093785
134,0.0,0.0,0.0,0.0,153010.4456301195,0.0,0.0,153010.4456301195,-1.1097160389410887
135,0.0,0.0,0.0,0.0,152438.04952280756,0.0,0.0,152438.04952280756,-0.3740895629411045
136,0.0,0.0,0.0,0.0,153773.57781618697,0.0,0.0,153773.57781618697,0.8761121633084068
137,0.0,0.0,0.0,0.0,152819.62735778163,0.0,0.0,152819.62735778163,-0.6203604494041448
138,0.0,0.0,0.0,0.0,155681.420023296,0.0,0.0,155681.420023296,1.8726604134522207
139,0.0,0.0,0.0,0.0,151102.5564552491,0.0,0.0,151102.5564552491,-2.9411753614283054
140,0.0,0.0,0.0,0.0,150339.43601112196,0.0,0.0,150339.43601112196,-0.5050347671339162
141,0.0,0.0,0.0,0.0,156444.57569324414,0.0,0.0,156444.57569324414,4.06090367511458
142,0.0,0.0,0.0,0.0,154345.91521379727,0.0,0.0,154345.91521379727,-1.3414721924024486
143,0.0,0.0,0.0,0.0,161786.58318929886,0.0,0.0,161786.58318929886,4.820774145655182
144,0.0,0.0,0.0,0.0,157207.71962125198,0.0,0.0,157207.71962125198,-2.8301874468103283
145,0.0,0.0,0.0,0.0,156253.78090478695,0.0,0.0,156253.78090478695,-0.6068014463687099
146,0.0,0.0,0.0,0.0,155109.05914180508,0.0,0.0,155109.05914180508,-0.7326042009053291
147,0.0,0.0,0.0,0.0,153201.18170887502,0.0,0.0,153201.18170887502,-1.2300232130128652
148,0.0,0.0,0.0,0.0,157589.2857142857,0.0,0.0,157589.2857142857,2.86427556006017
149,0.0,0.0,0.0,0.0,159306.36835875854,0.0,0.0,159306.36835875854,1.0895935194388473
150,0.0,0.0,0.0,0.0,155742.37243556025,0.0,0.0,155742.37243556025,-2.2371961396873696
151,0.0,0.0,0.0,0.0,152473.72153753665,0.0,0.0,152473.72153753665,-2.0987550445695335
152,0.0,0.0,0.0,0.0,148243.7110167581,0.0,0.0,148243.7110167581,-2.7742554442321876
153,0.0,0.0,0.0,0.0,140360.43060043585,0.0,0.0,140360.43060043585,-5.317784047804297
154,0.0,0.0,0.0,0.0,139399.0592357406,0.0,0.0,139399.0592357406,-0.6849304754785179
155,0.0,0.0,0.0,0.0,138437.68787104532,0.0,0.0,138437.68787104532,-0.6896541267681688
156,0.0,0.0,0.0,0.0,140360.43060043585,0.0,0.0,140360.43060043585,1.3888867684510586
157,0.0,0.0,0.0,0.0,140937.2416773127,0.0,0.0,140937.2416773127,0.41094991972407957
158,0.0,0.0,0.0,0.0,142475.4593447058,0.0,0.0,142475.4593447058,1.0914203010407686
159,0.0,0.0,0.0,0.0,147090.06537912376,0.0,0.0,147090.06537912376,3.2388778078990876
160,0.0,0.0,0.0,0.0,147666.8764560006,0.0,0.0,147666.8764560006,0.3921482225125894
161,0.0,0.0,0.0,0.0,141321.7902231908,0.0,0.0,141321.7902231908,-4.296892021482169
162,0.0,0.0,0.0,0.0,143629.0932403998,0.0,0.0,143629.0932403998,1.6326590638039873
163,0.0,0.0,0.0,0.0,140168.14458555647,0.0,0.0,140168.14458555647,-2.4096431835370136
164,0.0,0.0,0.0,0.0,133438.54503268958,0.0,0.0,133438.54503268958,-4.8010905564632385
165,0.0,0.0,0.0,0.0,135169.01348914104,0.0,0.0,135169.01348914104,1.296828031231545
166,0.0,0.0,0.0,0.0,131515.80230329902,0.0,0.0,131515.80230329902,-2.702698711443585
167,0.0,0.0,0.0,0.0,131900.35084917714,0.0,0.0,131900.35084917714,0.29239721702132293
168,0.0,0.0,0.0,0.0,134015.35610956638,0.0,0.0,134015.35610956638,1.603487213470478
169,0.0,0.0,0.0,0.0,126516.67120688359,0.0,0.0,126516.67120688359,-5.595392289635914
170,0.0,0.0,0.0,0.0,129400.77355902908,0.0,0.0,129400.77355902908,2.2796223806974325
171,0.0,0.0,0.0,0.0,128631.66472533254,0.0,0.0,128631.66472533254,-0.5943618515894755
172,0.0,0.0,0.0,0.0,131323.52803035997,0.0,0.0,131323.52803035997,2.092691026564397
173,0.0,0.0,0.0,0.0,130554.44268054407,0.0,0.0,130554.44268054407,-0.5856417059082464
174,0.0,0.0,0.0,0.0,125939.86013000675,0.0,0.0,125939.86013000675,-3.534603997987895
175,0.0,0.0,0.0,0.0,124209.35644773427,0.0,0.0,124209.35644773427,-1.374071465925164
176,0.0,0.0,0.0,0.0,122094.33944540466,0.0,0.0,122094.33944540466,-1.7027839631546415
177,0.0,0.0,0.0,0.0,117479.7686368077,0.0,0.0,117479.7686368077,-3.7795124897337273
178,0.0,0.0,0.0,0.0,119787.083395957,0.0,0.0,119787.083395957,1.964010302303576
179,0.0,0.0,0.0,0.0,120171.59671601412,0.0,0.0,120171.59671601412,0.3209973138640576
180,0.0,0.0,0.0,0.0,127093.49402570075,0.0,0.0,127093.49402570075,5.760011099831064
181,0.0,0.0,0.0,0.0,125747.57411512738,0.0,0.0,125747.57411512738,-1.0589998495919906
182,0.0,0.0,0.0,0.0,123824.80790185617,0.0,0.0,123824.80790185617,-1.5290682359492935
183,0.0,0.0,0.0,0.0,120940.68206583001,0.0,0.0,120940.68206583001,-2.3291987162315064
184,0.0,0.0,0.0,0.0,119210.22535131885,0.0,0.0,119210.22535131885,-1.4308309536151365
185,0.0,0.0,0.0,0.0,119979.33418501542,0.0,0.0,119979.33418501542,0.6451701868946058
186,0.0,0.0,0.0,0.0,121517.52836852786,0.0,0.0,121517.52836852786,1.2820492745362566
187,0.0,0.0,0.0,0.0,115364.71640865711,0.0,0.0,115364.71640865711,-5.06331229944953
188,0.0,0.0,0.0,0.0,117672.00768392577,0.0,0.0,117672.00768392577,1.9999973536930726
189,0.0,0.0,0.0,0.0,122094.33944540466,0.0,0.0,122094.33944540466,3.758185016573834
190,0.0,0.0,0.0,0.0,125363.01382730894,0.0,0.0,125363.01382730894,2.6771711094484285
191,0.0,0.0,0.0,0.0,136899.5054294732,0.0,0.0,136899.5054294732,9.20246829583733
192,0.0,0.0,0.0,0.0,138245.4018561659,0.0,0.0,138245.4018561659,0.9831273111399641
193,0.0,0.0,0.0,0.0,140744.97914631397,0.0,0.0,140744.97914631397,1.8080726422631255
194,0.0,0.0,0.0,0.0,139206.77322086119,0.0,0.0,139206.77322086119,-1.0929028763816295
195,0.0,0.0,0.0,0.0,140552.68138949425,0.0,0.0,140552.68138949425,0.9668410074398448
196,0.0,0.0,0.0,0.0,144975.01315097316,0.0,0.0,144975.01315097316,3.146387331611211
197,0.0,0.0,0.0,0.0,138053.1275832269,0.0,0.0,138053.1275832269,-4.774536947644902
198,0.0,0.0,0.0,0.0,135361.27602013978,0.0,0.0,135361.27602013978,-1.9498664102805652
199,0.0,0.0,0.0,0.0,131515.80230329902,0.0,0.0,131515.80230329902,-2.8408964734261244
200,0.0,0.0,0.0,0.0,136130.38485383632,0.0,0.0,136130.38485383632,3.508766604255853
201,0.0,0.0,0.0,0.0,140360.43060043585,0.0,0.0,140360.43060043585,3.1073487018650203
202,0.0,0.0,0.0,0.0,132092.62512211618,0.0,0.0,132092.62512211618,-5.890410454678385
203,0.0,0.0,0.0,0.0,125747.57411512738,0.0,0.0,125747.57411512738,-4.803486190938333
204,0.0,0.0,0.0,0.0,124209.35644773427,0.0,0.0,124209.35644773427,-1.2232583238423356
205,0.0,0.0,0.0,0.0,123055.72255204027,0.0,0.0,123055.72255204027,-0.9287817992837288
206,0.0,0.0,0.0,0.0,124786.16752461111,0.0,0.0,124786.16752461111,1.4062287691164022
207,0.0,0.0,0.0,0.0,128054.8536484557,0.0,0.0,128054.8536484557,2.6194298524312876
208,0.0,0.0,0.0,0.0,122094.33944540466,0.0,0.0,122094.33944540466,-4.654656995207862
209,0.0,0.0,0.0,0.0,127285.75655669949,0.0,0.0,127285.75655669949,4.251971987297742
210,0.0,0.0,0.0,0.0,123440.25935597807,0.0,0.0,123440.25935597807,-3.021152801969984
211,0.0,0.0,0.0,0.0,125029.12001202375,0.0,0.0,125029.12001202375,1.287149479703964
212,0.0,0.0,0.0,0.0,127764.12320583152,0.0,0.0,127764.12320583152,2.1874929564766665
213,0.0,0.0,0.0,0.0,131280.58775456526,0.0,0.0,131280.58775456526,2.752309850761958
214,0.0,0.0,0.0,0.0,129522.36135116857,0.0,0.0,129522.36135116857,-1.3392889485563386
215,0.0,0.0,0.0,0.0,127764.12320583152,0.0,0.0,127764.12320583152,-1.3574784515933969
216,0.0,0.0,0.0,0.0,126201.25920568121,0.0,0.0,126201.25920568121,-1.2232416745289965
217,0.0,0.0,0.0,0.0,126396.62160892764,0.0,0.0,126396.62160892764,0.15480226146398213
218,0.0,0.0,0.0,0.0,131475.926673931,0.0,0.0,131475.926673931,4.018544958202108
219,0.0,0.0,0.0,0.0,126591.97227023372,0.0,0.0,126591.97227023372,-3.7147138090228626
220,0.0,0.0,0.0,0.0,129913.07441572104,0.0,0.0,129913.07441572104,2.623469787166144
221,0.0,0.0,0.0,0.0,132648.07760952882,0.0,0.0,132648.07760952882,2.105256307810688
222,0.0,0.0,0.0,0.0,140267.03520703388,0.0,0.0,140267.03520703388,5.743737666468651
223,0.0,0.0,0.0,0.0,135578.45494852334,0.0,0.0,135578.45494852334,-3.3426102231291943
224,0.0,0.0,0.0,0.0,135969.1562711355,0.0,0.0,135969.1562711355,0.28817360602058084
225,0.0,0.0,0.0,0.0,137532.03201322613,0.0,0.0,137532.03201322613,1.1494340223558552
226,0.0,0.0,0.0,0.0,133234.16481926807,0.0,0.0,133234.16481926807,-3.1249935967969544
227,0.0,0.0,0.0,0.0,134601.64293229126,0.0,0.0,134601.64293229126,1.0263719631358637
228,0.0,0.0,0.0,0.0,138313.4581423311,0.0,0.0,138313.4581423311,2.757629943571338
229,0.0,0.0,0.0,0.0,138899.53361013002,0.0,0.0,138899.53361013002,0.42372989271646233
230,0.0,0.0,0.0,0.0,139876.3221424814,0.0,0.0,139876.3221424814,0.7032338460495335
231,0.0,0.0,0.0,0.0,144369.53999774557,0.0,0.0,144369.53999774557,3.2122790951618407
232,0.0,0.0,0.0,0.0,144564.91414293228,0.0,0.0,144564.91414293228,0.13532920115264524
233,0.0,0.0,0.0,0.0,136750.58240024047,0.0,0.0,136750.58240024047,-5.40541374718746
234,0.0,0.0,0.0,0.0,136750.58240024047,0.0,0.0,136750.58240024047,0.0
235,0.0,0.0,0.0,0.0,134797.0053355377,0.0,0.0,134797.0053355377,-1.4285694659676662
236,0.0,0.0,0.0,0.0,138313.4581423311,0.0,0.0,138313.4581423311,2.608702469346591
237,0.0,0.0,0.0,0.0,137336.68135192004,0.0,0.0,137336.68135192004,-0.7062051687016013
238,0.0,0.0,0.0,0.0,141048.46133613886,0.0,0.0,141048.46133613886,2.7026865275035616
239,0.0,0.0,0.0,0.0,137922.73333583827,0.0,0.0,137922.73333583827,-2.21606671259712
240,0.0,0.0,0.0,0.0,139485.60907792894,0.0,0.0,139485.60907792894,1.1331531099264769
241,0.0,0.0,0.0,0.0,135969.1562711355,0.0,0.0,135969.1562711355,-2.521014769938623
242,0.0,0.0,0.0,0.0,133429.51548057416,0.0,0.0,133429.51548057416,-1.8678065380482667
243,0.0,0.0,0.0,0.0,137922.73333583827,0.0,0.0,137922.73333583827,3.367484202487625
244,0.0,0.0,0.0,0.0,136555.20825505373,0.0,0.0,136555.20825505373,-0.9915153562499834
245,0.0,0.0,0.0,0.0,135187.74188397086,0.0,0.0,135187.74188397086,-1.0014018421976023
246,0.0,0.0,0.0,0.0,134797.0053355377,0.0,0.0,134797.0053355377,-0.2890325283845141
247,0.0,0.0,0.0,0.0,128154.82452844367,0.0,0.0,128154.82452844367,-4.927543301544612
248,0.0,0.0,0.0,0.0,126396.62160892764,0.0,0.0,126396.62160892764,-1.3719365821657337
249,0.0,0.0,0.0,0.0,123075.54294732095,0.0,0.0,123075.54294732095,-2.6275058773976845
250,0.0,0.0,0.0,0.0,120145.16560832644,0.0,0.0,120145.16560832644,-2.38095828693502
251,0.0,0.0,0.0,0.0,121903.38026978282,0.0,0.0,121903.38026978282,1.46340857957461
252,0.0,0.0,0.0,0.0,123075.54294732095,0.0,0.0,123075.54294732095,0.9615505943674663
253,0.0,0.0,0.0,0.0,120340.50452769219,0.0,0.0,120340.50452769219,-2.222243635195187
254,0.0,0.0,0.0,0.0,126201.25920568121,0.0,0.0,126201.25920568121,4.870143017092277
255,0.0,0.0,0.0,0.0,121512.65546329,0.0,0.0,121512.65546329,-3.7151798420250293
256,0.0,0.0,0.0,0.0,120145.16560832644,0.0,0.0,120145.16560832644,-1.125388832751406
257,0.0,0.0,0.0,0.0,119559.09014052755,0.0,0.0,119559.09014052755,-0.4878061175673909
258,0.0,0.0,0.0,0.0,118386.93920492976,0.0,0.0,118386.93920492976,-0.9803946602638614
259,0.0,0.0,0.0,0.0,121121.96588261817,0.0,0.0,121121.96588261817,2.310243592795347
260,0.0,0.0,0.0,0.0,121317.32828586458,0.0,0.0,121317.32828586458,0.16129395012935976
261,0.0,0.0,0.0,0.0,118191.57680168333,0.0,0.0,118191.57680168333,-2.576508672212041
262,0.0,0.0,0.0,0.0,119754.45254377395,0.0,0.0,119754.45254377395,1.3223241320428514
263,0.0,0.0,0.0,0.0,124052.33147967236,0.0,0.0,124052.33147967236,3.5889095099219004
264,0.0,0.0,0.0,0.0,120535.87867287894,0.0,0.0,120535.87867287894,-2.8346527347368977
265,0.0,0.0,0.0,0.0,122880.15706019389,0.0,0.0,122880.15706019389,1.9448801577802932
266,0.0,0.0,0.0,0.0,122294.08159239501,0.0,0.0,122294.08159239501,-0.4769488270687794
267,0.0,0.0,0.0,0.0,125419.82133463591,0.0,0.0,125419.82133463591,2.555920696685021
268,0.0,0.0,0.0,0.0,126982.69707672653,0.0,0.0,126982.69707672653,1.2461154269393093
269,0.0,0.0,0.0,0.0,122098.75441496956,0.0,0.0,122098.75441496956,-3.846148155764839
270,0.0,0.0,0.0,0.0,118973.02641466899,0.0,0.0,118973.02641466899,-2.5599999076791224
271,0.0,0.0,0.0,0.0,120340.50452769219,0.0,0.0,120340.50452769219,1.1494018049578614
272,0.0,0.0,0.0,0.0,117410.13893063802,0.0,0.0,117410.13893063802,-2.4350617512824635
273,0.0,0.0,0.0,0.0,119559.09014052755,0.0,0.0,119559.09014052755,1.830294410228972
274,0.0,0.0,0.0,0.0,119559.09014052755,0.0,0.0,119559.09014052755,0.0
275,0.0,0.0,0.0,0.0,119949.80320508004,0.0,0.0,119949.80320508004,0.32679494640954765
276,0.0,0.0,0.0,0.0,116433.35039828662,0.0,0.0,116433.35039828662,-2.931603648220482
277,0.0,0.0,0.0,0.0,117410.13893063802,0.0,0.0,117410.13893063802,0.8389250408152416
278,0.0,0.0,0.0,0.0,118386.93920492976,0.0,0.0,118386.93920492976,0.8319556413001195
279,0.0,0.0,0.0,0.0,117410.13893063802,0.0,0.0,117410.13893063802,-0.8250912481155392
280,0.0,0.0,0.0,0.0,115456.57360787556,0.0,0.0,115456.57360787556,-1.663881280233015
281,0.0,0.0,0.0,0.0,115456.57360787556,0.0,0.0,115456.57360787556,0.0
282,0.0,0.0,0.0,0.0,115261.21120462913,0.0,0.0,115261.21120462913,-0.16920855793792766
283,0.0,0.0,0.0,0.0,115065.86054332306,0.0,0.0,115065.86054332306,-0.16948517134637298
284,0.0,0.0,0.0,0.0,112330.83386563463,0.0,0.0,112330.83386563463,-2.3769228029704492
285,0.0,0.0,0.0,0.0,114870.49814007666,0.0,0.0,114870.49814007666,2.260879036542951
286,0.0,0.0,0.0,0.0,118973.02641466899,0.0,0.0,118973.02641466899,3.571437698119473
287,0.0,0.0,0.0,0.0,119559.09014052755,0.0,0.0,119559.09014052755,0.4926021834696259
288,0.0,0.0,0.0,0.0,115847.27493048772,0.0,0.0,115847.27493048772,-3.104586364514006
289,0.0,0.0,0.0,0.0,115261.21120462913,0.0,0.0,115261.21120462913,-0.5058934068239873
290,0.0,0.0,0.0,0.0,116433.35039828662,0.0,0.0,116433.35039828662,1.0169415898090284
291,0.0,0.0,0.0,0.0,119949.80320508004,0.0,0.0,119949.80320508004,3.020142248560731
292,0.0,0.0,0.0,0.0,120807.88072067332,0.0,0.0,120807.88072067332,0.7153638377598748
293,0.0,0.0,0.0,0.0,124953.25533553769,0.0,0.0,124953.25533553769,3.431377647000633
294,0.0,0.0,0.0,0.0,121400.07373938529,0.0,0.0,121400.07373938529,-2.843608665185249
295,0.0,0.0,0.0,0.0,117649.52186818967,0.0,0.0,117649.52186818967,-3.0894148213180594
296,0.0,0.0,0.0,0.0,116859.92334861352,0.0,0.0,116859.92334861352,-0.6711446906352836
297,0.0,0.0,0.0,0.0,117649.52186818967,0.0,0.0,117649.52186818967,0.6756794775747421
298,0.0,0.0,0.0,0.0,130677.79176373337,0.0,0.0,130677.79176373337,11.07379757151934
299,0.0,0.0,0.0,0.0,135415.37113925003,0.0,0.0,135415.37113925003,3.625389832177639
300,0.0,0.0,0.0,0.0,134230.9851018261,0.0,0.0,134230.9851018261,-0.8746319029070859
301,0.0,0.0,0.0,0.0,136204.9696588262,0.0,0.0,136204.9696588262,1.470587849372218
302,0.0,0.0,0.0,0.0,131072.60276546178,0.0,0.0,131072.60276546178,-3.768120139977449
303,0.0,0.0,0.0,0.0,135810.15865709778,0.0,0.0,135810.15865709778,3.614451679206576
304,0.0,0.0,0.0,0.0,135217.95389644548,0.0,0.0,135217.95389644548,-0.43605336044671983
305,0.0,0.0,0.0,0.0,136402.3516758097,0.0,0.0,136402.3516758097,0.8759175429257526
306,0.0,0.0,0.0,0.0,137981.54871496203,0.0,0.0,137981.54871496203,1.1577491295059472
307,0.0,0.0,0.0,0.0,134428.37886074997,0.0,0.0,134428.37886074997,-2.575105068252337
308,0.0,0.0,0.0,0.0,134230.9851018261,0.0,0.0,134230.9851018261,-0.14683935088463107
309,0.0,0.0,0.0,0.0,131664.79578417377,0.0,0.0,131664.79578417377,-1.911771202234458
310,0.0,0.0,0.0,0.0,135415.37113925003,0.0,0.0,135415.37113925003,2.8485787204836743
311,0.0,0.0,0.0,0.0,132256.97706094536,0.0,0.0,132256.97706094536,-2.33237486389698
312,0.0,0.0,0.0,0.0,131862.21302697828,0.0,0.0,131862.21302697828,-0.2984825774334454
313,0.0,0.0,0.0,0.0,130480.38626286917,0.0,0.0,130480.38626286917,-1.047932332082424
314,0.0,0.0,0.0,0.0,128703.81894867362,0.0,0.0,128703.81894867362,-1.3615589017466845
315,0.0,0.0,0.0,0.0,126729.83439167356,0.0,0.0,126729.83439167356,-1.5337420234494137
316,0.0,0.0,0.0,0.0,124953.25533553769,0.0,0.0,124953.25533553769,-1.4018633139258663
317,0.0,0.0,0.0,0.0,127716.81492823326,0.0,0.0,127716.81492823326,2.2116747461077058
318,0.0,0.0,0.0,0.0,125150.66083640189,0.0,0.0,125150.66083640189,-2.009253122443855
319,0.0,0.0,0.0,0.0,125545.4366123093,0.0,0.0,125545.4366123093,0.3154404245803155
320,0.0,0.0,0.0,0.0,123571.46379724957,0.0,0.0,123571.46379724957,-1.5723174559944098
321,0.0,0.0,0.0,0.0,130283.00424588562,0.0,0.0,130283.00424588562,5.431302861029508
322,0.0,0.0,0.0,0.0,130085.62222890208,0.0,0.0,130085.62222890208,-0.15150250650577402
323,0.0,0.0,0.0,0.0,130875.22074847826,0.0,0.0,130875.22074847826,0.6069836973887632
324,0.0,0.0,0.0,0.0,128901.21270759751,0.0,0.0,128901.21270759751,-1.5083130554365831
325,0.0,0.0,0.0,0.0,141139.91930938602,0.0,0.0,141139.91930938602,9.494640387558695
326,0.0,0.0,0.0,0.0,136797.16267753814,0.0,0.0,136797.16267753814,-3.0769159094730214
327,0.0,0.0,0.0,0.0,132568.0680281055,0.0,0.0,132568.0680281055,-3.091507577099073
328,0.0,0.0,0.0,0.0,138949.448598482,0.0,0.0,138949.448598482,4.813663399713719
329,0.0,0.0,0.0,0.0,139155.30829638537,0.0,0.0,139155.30829638537,0.14815438274837778
330,0.0,0.0,0.0,0.0,153564.8648267829,0.0,0.0,153564.8648267829,10.35501750296637
331,0.0,0.0,0.0,0.0,150065.39086570978,0.0,0.0,150065.39086570978,-2.2788246289412784
332,0.0,0.0,0.0,0.0,146977.64804238372,0.0,0.0,146977.64804238372,-2.0575982280212846
333,0.0,0.0,0.0,0.0,146343.113586834,0.0,0.0,146343.113586834,-0.431721737285351
334,0.0,0.0,0.0,0.0,142585.3756481551,0.0,0.0,142585.3756481551,-2.5677586369304617
335,0.0,0.0,0.0,0.0,140915.27250695124,0.0,0.0,140915.27250695124,-1.1713004462147847
336,0.0,0.0,0.0,0.0,141124.0324641166,0.0,0.0,141124.0324641166,0.14814572860091246
337,0.0,0.0,0.0,0.0,146969.38171638988,0.0,0.0,146969.38171638988,4.141994209072486
338,0.0,0.0,0.0,0.0,146134.36537160893,0.0,0.0,146134.36537160893,-0.5681566697969043
339,0.0,0.0,0.0,0.0,146343.113586834,0.0,0.0,146343.113586834,0.14284676618960823
340,0.0,0.0,0.0,0.0,145716.81023145712,0.0,0.0,145716.81023145712,-0.427969133651962
341,0.0,0.0,0.0,0.0,151562.19470955138,0.0,0.0,151562.19470955138,4.011468868148715
342,0.0,0.0,0.0,0.0,149474.55991207634,0.0,0.0,149474.55991207634,-1.3774113006714606
343,0.0,0.0,0.0,0.0,149474.55991207634,0.0,0.0,149474.55991207634,0.0
344,0.0,0.0,0.0,0.0,153858.58946419178,0.0,0.0,153858.58946419178,2.932960334316559
345,0.0,0.0,0.0,0.0,152188.47458104757,0.0,0.0,152188.47458104757,-1.0854869324880334
346,0.0,0.0,0.0,0.0,151353.43475238598,0.0,0.0,151353.43475238598,-0.5486879548272872
347,0.0,0.0,0.0,0.0,151144.6513113399,0.0,0.0,151144.6513113399,-0.13794430327110918
348,0.0,0.0,0.0,0.0,148013.20498609752,0.0,0.0,148013.20498609752,-2.0718208008512096
349,0.0,0.0,0.0,0.0,155111.14920718418,0.0,0.0,155111.14920718418,4.795480390924145
350,0.0,0.0,0.0,0.0,155737.4643045014,0.0,0.0,155737.4643045014,0.4037847056891142
351,0.0,0.0,0.0,0.0,155111.14920718418,0.0,0.0,155111.14920718418,-0.40216084171798006
352,0.0,0.0,0.0,0.0,155319.93264823026,0.0,0.0,155319.93264823026,0.13460247191334762
353,0.0,0.0,0.0,0.0,153858.58946419178,0.0,0.0,153858.58946419178,-0.9408600423154501
354,0.0,0.0,0.0,0.0,149474.55991207634,0.0,0.0,149474.55991207634,-2.849388888447957
355,0.0,0.0,0.0,0.0,143837.94713308784,0.0,0.0,143837.94713308784,-3.7709512456862604
356,0.0,0.0,0.0,0.0,145925.5584466822,0.0,0.0,145925.5584466822,1.451363395545946
357,0.0,0.0,0.0,0.0,146969.38171638988,0.0,0.0,146969.38171638988,0.715312163831161
358,0.0,0.0,0.0,0.0,144255.47878935898,0.0,0.0,144255.47878935898,-1.8465770865580544
359,0.0,0.0,0.0,0.0,140915.27250695124,0.0,0.0,140915.27250695124,-2.315479668737641
360,0.0,0.0,0.0,0.0,141959.0957766589,0.0,0.0,141959.0957766589,0.7407453082533655
361,0.0,0.0,0.0,0.0,141959.0957766589,0.0,0.0,141959.0957766589,0.0
362,0.0,0.0,0.0,0.0,144046.70709025324,0.0,0.0,144046.70709025324,1.4705724224101324
363,0.0,0.0,0.0,0.0,143002.8955624859,0.0,0.0,143002.8955624859,-0.7246340779684224
364,0.0,0.0,0.0,0.0,139245.15762380703,0.0,0.0,139245.15762380703,-2.627735560107536
365,0.0,0.0,0.0,0.0,137992.57439693395,0.0,0.0,137992.57439693395,-0.8995524499725294
366,0.0,0.0,0.0,0.0,139871.44923724356,0.0,0.0,139871.44923724356,1.3615767721711247
367,0.0,0.0,0.0,0.0,144255.47878935898,0.0,0.0,144255.47878935898,3.1343276816124366
368,0.0,0.0,0.0,0.0,144255.47878935898,0.0,0.0,144255.47878935898,0.0
369,0.0,0.0,0.0,0.0,142794.12386338017,0.0,0.0,142794.12386338017,-1.0130325296779041
370,0.0,0.0,0.0,0.0,139245.15762380703,0.0,0.0,139245.15762380703,-2.4853727475289245
371,0.0,0.0,0.0,0.0,140706.48906590516,0.0,0.0,140706.48906590516,1.0494666148794574
372,0.0,0.0,0.0,0.0,137783.79095588787,0.0,0.0,137783.79095588787,-2.0771594326743026
373,0.0,0.0,0.0,0.0,139871.44923724356,0.0,0.0,139871.44923724356,1.5151697212512083
374,0.0,0.0,0.0,0.0,143211.6555196513,0.0,0.0,143211.6555196513,2.388054388956995
375,0.0,0.0,0.0,0.0,142376.59220710903,0.0,0.0,142376.59220710903,-0.5830973111177307
376,0.0,0.0,0.0,0.0,141959.0957766589,0.0,0.0,141959.0957766589,-0.2932338974954596
377,0.0,0.0,0.0,0.0,136948.75112722628,0.0,0.0,136948.75112722628,-3.529428404725332
378,0.0,0.0,0.0,0.0,141959.0957766589,0.0,0.0,141959.0957766589,3.6585544652232738
379,0.0,0.0,0.0,0.0,141959.0957766589,0.0,0.0,141959.0957766589,0.0
380,0.0,0.0,0.0,0.0,141750.3005936725,0.0,0.0,141750.3005936725,-0.14708122916964328
381,0.0,0.0,0.0,0.0,139662.67753813782,0.0,0.0,139662.67753813782,-1.4727468279018607
382,0.0,0.0,0.0,0.0,137992.57439693395,0.0,0.0,137992.57439693395,-1.1958120599168787
383,0.0,0.0,0.0,0.0,142585.3756481551,0.0,0.0,142585.3756481551,3.328295940048198
384,0.0,0.0,0.0,0.0,141124.0324641166,0.0,0.0,141124.0324641166,-1.024889949194041
385,0.0,0.0,0.0,0.0,144046.70709025324,0.0,0.0,144046.70709025324,2.070997104536243
386,0.0,0.0,0.0,0.0,141124.0324641166,0.0,0.0,141124.0324641166,-2.0289770486078607
387,0.0,0.0,0.0,0.0,141124.0324641166,0.0,0.0,141124.0324641166,0.0
388,0.0,0.0,0.0,0.0,140497.7056248591,0.0,0.0,140497.7056248591,-0.44381302625883245
389,0.0,0.0,0.0,0.0,149265.79995491094,0.0,0.0,149265.79995491094,6.240738445553973
390,0.0,0.0,0.0,0.0,149892.06808446682,0.0,0.0,149892.06808446682,0.41956572084500543
391,0.0,0.0,0.0,0.0,144046.70709025324,0.0,0.0,144046.70709025324,-3.8997133530238703
392,0.0,0.0,0.0,0.0,151770.95466671677,0.0,0.0,151770.95466671677,5.3623215222989185
393,0.0,0.0,0.0,0.0,148221.96494326295,0.0,0.0,148221.96494326295,-2.338385319672842
394,0.0,0.0,0.0,0.0,146969.38171638988,0.0,0.0,146969.38171638988,-0.8450726094155758
395,0.0,0.0,0.0,0.0,151979.7263658225,0.0,0.0,151979.7263658225,3.409107795732047
396,0.0,0.0,0.0,0.0,154067.34942135718,0.0,0.0,154067.34942135718,1.3736194329694085
397,0.0,0.0,0.0,0.0,152606.01797925902,0.0,0.0,152606.01797925902,-0.9485017088867953
398,0.0,0.0,0.0,0.0,148495.5991207635,0.0,0.0,148495.5991207635,-2.6934841187286396
399,0.0,0.0,0.0,0.0,149553.2661381228,0.0,0.0,149553.2661381228,0.7122547897861597
400,0.0,0.0,0.0,0.0,152303.19333809274,0.0,0.0,152303.19333809274,1.8387610454660308
401,0.0,0.0,0.0,0.0,157591.49319906815,0.0,0.0,157591.49319906815,3.472218635124813
402,0.0,0.0,0.0,0.0,154418.50388893063,0.0,0.0,154418.50388893063,-2.013426769254245
403,0.0,0.0,0.0,0.0,155264.6281092658,0.0,0.0,155264.6281092658,0.5479422472217221
404,0.0,0.0,0.0,0.0,146380.2885699256,0.0,0.0,146380.2885699256,-5.722062808206352
405,0.0,0.0,0.0,0.0,147860.98247163146,0.0,0.0,147860.98247163146,1.0115391328789025
406,0.0,0.0,0.0,0.0,153572.37966859547,0.0,0.0,153572.37966859547,3.8626804052649844
407,0.0,0.0,0.0,0.0,154206.96109190653,0.0,0.0,154206.96109190653,0.4132132514196085
408,0.0,0.0,0.0,0.0,156745.35723679265,0.0,0.0,156745.35723679265,1.6460969899881883
409,0.0,0.0,0.0,0.0,156745.35723679265,0.0,0.0,156745.35723679265,0.0
410,0.0,0.0,0.0,0.0,159918.32306304952,0.0,0.0,159918.32306304952,2.0242805797836327
411,0.0,0.0,0.0,0.0,163091.3358570677,0.0,0.0,163091.3358570677,1.984145864740694
412,0.0,0.0,0.0,0.0,162456.73094987602,0.0,0.0,162456.73094987602,-0.38911012890828767
413,0.0,0.0,0.0,0.0,160129.8893439543,0.0,0.0,160129.8893439543,-1.4322839024993206
414,0.0,0.0,0.0,0.0,160976.00182234915,0.0,0.0,160976.00182234915,0.528391346463386
415,0.0,0.0,0.0,0.0,163725.9055384384,0.0,0.0,163725.9055384384,1.708269360003123
416,0.0,0.0,0.0,0.0,160552.9162283009,0.0,0.0,160552.9162283009,-1.9379885545312114
417,0.0,0.0,0.0,0.0,162456.73094987602,0.0,0.0,162456.73094987602,1.1857864474214663
418,0.0,0.0,0.0,0.0,160764.47076726533,0.0,0.0,160764.47076726533,-1.0416682477334849
419,0.0,0.0,0.0,0.0,161399.06393251673,0.0,0.0,161399.06393251673,0.39473470862232407
420,0.0,0.0,0.0,0.0,163514.39796723527,0.0,0.0,163514.39796723527,1.3106234839149966
421,0.0,0.0,0.0,0.0,169648.8337904862,0.0,0.0,169648.8337904862,3.751618144648128
422,0.0,0.0,0.0,0.0,165841.23957315698,0.0,0.0,165841.23957315698,-2.2443975194262444
423,0.0,0.0,0.0,0.0,164995.11535282183,0.0,0.0,164995.11535282183,-0.5102013362375479
424,0.0,0.0,0.0,0.0,170494.9697527617,0.0,0.0,170494.9697527617,3.3333437709226255
425,0.0,0.0,0.0,0.0,168168.10466295935,0.0,0.0,168168.10466295935,-1.3647705226591755
426,0.0,0.0,0.0,0.0,169014.2288832945,0.0,0.0,169014.2288832945,0.5031419138789461
427,0.0,0.0,0.0,0.0,171341.08223115653,0.0,0.0,171341.08223115653,1.3767203881211332
428,0.0,0.0,0.0,0.0,169860.34136168932,0.0,0.0,169860.34136168932,-0.8642065581618841
429,0.0,0.0,0.0,0.0,167956.55012399488,0.0,0.0,167956.55012399488,-1.120797958153541
430,0.0,0.0,0.0,0.0,169014.2288832945,0.0,0.0,169014.2288832945,0.6297335581844088
431,0.0,0.0,0.0,0.0,165841.23957315698,0.0,0.0,165841.23957315698,-1.8773504048162026
432,0.0,0.0,0.0,0.0,162033.6570977681,0.0,0.0,162033.6570977681,-2.295920173527921
433,0.0,0.0,0.0,0.0,162668.26200495978,0.0,0.0,162668.26200495978,0.39165005503070116
434,0.0,0.0,0.0,0.0,164360.53392951077,0.0,0.0,164360.53392951077,1.0403208983073675
435,0.0,0.0,0.0,0.0,167533.51149770798,0.0,0.0,167533.51149770798,1.9304984550354343
436,0.0,0.0,0.0,0.0,174937.13365146163,0.0,0.0,174937.13365146163,4.419188786510286
437,0.0,0.0,0.0,0.0,175148.66470654542,0.0,0.0,175148.66470654542,0.1209183268689129
438,0.0,0.0,0.0,0.0,176417.8627789885,0.0,0.0,176417.8627789885,0.7246404501967341
439,0.0,0.0,0.0,0.0,177475.5297963478,0.0,0.0,177475.5297963478,0.599523767434107
440,0.0,0.0,0.0,0.0,176629.38209213197,0.0,0.0,176629.38209213197,-0.4767686594240872
441,0.0,0.0,0.0,0.0,180860.03841962878,0.0,0.0,180860.03841962878,2.3952166266935304
442,0.0,0.0,0.0,0.0,182975.360712407,0.0,0.0,182975.360712407,1.16959075717451
443,0.0,0.0,0.0,0.0,184456.08983993388,0.0,0.0,184456.08983993388,0.8092505579776921
444,0.0,0.0,0.0,0.0,183609.94213571804,0.0,0.0,183609.94213571804,-0.4587258165073882
445,0.0,0.0,0.0,0.0,183186.85654166978,0.0,0.0,183186.85654166978,-0.23042629888502253
446,0.0,0.0,0.0,0.0,189955.89727211243,0.0,0.0,189955.89727211243,3.695156332846894
447,0.0,0.0,0.0,0.0,195878.83726610057,0.0,0.0,195878.83726610057,3.118060601984629
448,0.0,0.0,0.0,0.0,197359.54290974676,0.0,0.0,197359.54290974676,0.7559293613912166
449,0.0,0.0,0.0,0.0,192917.3790110468,0.0,0.0,192917.3790110468,-2.2507976220492942
450,0.0,0.0,0.0,0.0,194398.0729127527,0.0,0.0,194398.0729127527,0.7675274821254296
451,0.0,0.0,0.0,0.0,187417.52461110693,0.0,0.0,187417.52461110693,-3.590852623718488
452,0.0,0.0,0.0,0.0,180860.03841962878,0.0,0.0,180860.03841962878,-3.4988650101344554
453,0.0,0.0,0.0,0.0,189532.87038776584,0.0,0.0,189532.87038776584,4.795327947467576
454,0.0,0.0,0.0,0.0,188263.6488314421,0.0,0.0,188263.6488314421,-0.6696577505142298
455,0.0,0.0,0.0,0.0,180648.4838806643,0.0,0.0,180648.4838806643,-4.044947071856586
456,0.0,0.0,0.0,0.0,187205.99355602314,0.0,0.0,187205.99355602314,3.629983232901468
457,0.0,0.0,0.0,0.0,194398.0729127527,0.0,0.0,194398.0729127527,3.841799730935036
458,0.0,0.0,0.0,0.0,196936.48079957918,0.0,0.0,196936.48079957918,1.3057783180627336
459,0.0,0.0,0.0,0.0,190378.98286616066,0.0,0.0,190378.98286616066,-3.3297527744958755
460,0.0,0.0,0.0,0.0,190378.98286616066,0.0,0.0,190378.98286616066,0.0
461,0.0,0.0,0.0,0.0,186148.3382806042,0.0,0.0,186148.3382806042,-2.22222249634072
462,0.0,0.0,0.0,0.0,181358.38985120613,0.0,0.0,181358.38985120613,-2.5731889275195097
463,0.0,0.0,0.0,0.0,183283.1756782145,0.0,0.0,183283.1756782145,1.0613161203005594
464,0.0,0.0,0.0,0.0,184352.52592620425,0.0,0.0,184352.52592620425,0.5834415756016842
465,0.0,0.0,0.0,0.0,181572.2458104757,0.0,0.0,181572.2458104757,-1.5081323685477988
466,0.0,0.0,0.0,0.0,183710.93456451493,0.0,0.0,183710.93456451493,1.1778720610591487
467,0.0,0.0,0.0,0.0,181786.11351168557,0.0,0.0,181786.11351168557,-1.047744412923557
468,0.0,0.0,0.0,0.0,185421.8292064327,0.0,0.0,185421.8292064327,1.9999963828444045
469,0.0,0.0,0.0,0.0,181144.5456338769,0.0,0.0,181144.5456338769,-2.30678533960198
470,0.0,0.0,0.0,0.0,179647.483467348,0.0,0.0,179647.483467348,-0.8264461738498596
471,0.0,0.0,0.0,0.0,180289.063087097,0.0,0.0,180289.063087097,0.35713253944111845
472,0.0,0.0,0.0,0.0,182641.58431652514,0.0,0.0,182641.58431652514,1.3048607548044489
473,0.0,0.0,0.0,0.0,182213.87239798604,0.0,0.0,182213.87239798604,-0.23418101640964029
474,0.0,0.0,0.0,0.0,187132.78255805216,0.0,0.0,187132.78255805216,2.6995256153287794
475,0.0,0.0,0.0,0.0,186063.46753588336,0.0,0.0,186063.46753588336,-0.571420468157191
476,0.0,0.0,0.0,0.0,182427.72835725558,0.0,0.0,182427.72835725558,-1.9540317219588599
477,0.0,0.0,0.0,0.0,187774.38566168182,0.0,0.0,187774.38566168182,2.930835872689097
478,0.0,0.0,0.0,0.0,190982.37769594952,0.0,0.0,190982.37769594952,1.7084289867136615
479,0.0,0.0,0.0,0.0,201889.5365221312,0.0,0.0,201889.5365221312,5.71108128287432
480,0.0,0.0,0.0,0.0,194618.09339069662,0.0,0.0,194618.09339069662,-3.6016939048435948
481,0.0,0.0,0.0,0.0,186063.46753588336,0.0,0.0,186063.46753588336,-4.3955963732723475
482,0.0,0.0,0.0,0.0,185207.94976328246,0.0,0.0,185207.94976328246,-0.4597988976185796
483,0.0,0.0,0.0,0.0,181572.2458104757,0.0,0.0,181572.2458104757,-1.9630388206627325
484,0.0,0.0,0.0,0.0,180502.90730442625,0.0,0.0,180502.90730442625,-0.5889327971223213
485,0.0,0.0,0.0,0.0,176653.3473923499,0.0,0.0,176653.3473923499,-2.1326858218321587
486,0.0,0.0,0.0,0.0,175797.90007139102,0.0,0.0,175797.90007139102,-0.4842519734760131
487,0.0,0.0,0.0,0.0,171092.83412865407,0.0,0.0,171092.83412865407,-2.676406226027861
488,0.0,0.0,0.0,0.0,175156.2617419403,0.0,0.0,175156.2617419403,2.3749841037940422
489,0.0,0.0,0.0,0.0,169595.76022018486,0.0,0.0,169595.76022018486,-3.174594768383332
490,0.0,0.0,0.0,0.0,169168.01307582477,0.0,0.0,169168.01307582477,-0.25221570622092626
491,0.0,0.0,0.0,0.0,165104.5737205982,0.0,0.0,165104.5737205982,-2.402013998595154
492,0.0,0.0,0.0,0.0,165746.17682422785,0.0,0.0,165746.17682422785,0.3886040762961729
493,0.0,0.0,0.0,0.0,166387.76818591717,0.0,0.0,166387.76818591717,0.38709270643975113
494,0.0,0.0,0.0,0.0,166173.92396858797,0.0,0.0,166173.92396858797,-0.12852159726685075
495,0.0,0.0,0.0,0.0,169381.9042609153,0.0,0.0,169381.9042609153,1.930495601062976
496,0.0,0.0,0.0,0.0,172162.17263470354,0.0,0.0,172162.17263470354,1.6414199532823304
497,0.0,0.0,0.0,0.0,167029.37128954683,0.0,0.0,167029.37128954683,-2.981375796207897
498,0.0,0.0,0.0,0.0,165318.4531637484,0.0,0.0,165318.4531637484,-1.0243217181441389
499,0.0,0.0,0.0,0.0,164676.8383181784,0.0,0.0,164676.8383181784,-0.38810842546082025
500,0.0,0.0,0.0,0.0,167884.8420943864,0.0,0.0,167884.8420943864,1.9480600969577155
501,0.0,0.0,0.0,0.0,168526.44519801607,0.0,0.0,168526.44519801607,0.38216857199588894
502,0.0,0.0,0.0,0.0,174514.68212219133,0.0,0.0,174514.68212219133,3.5532921359251235
503,0.0,0.0,0.0,0.0,172162.17263470354,0.0,0.0,172162.17263470354,-1.348029551943719
504,0.0,0.0,0.0,0.0,169381.9042609153,0.0,0.0,169381.9042609153,-1.6149124579691865
505,0.0,0.0,0.0,0.0,166815.50358833696,0.0,0.0,166815.50358833696,-1.5151563467045825
506,0.0,0.0,0.0,0.0,168954.1688584955,0.0,0.0,168954.1688584955,1.2820542600382678
507,0.0,0.0,0.0,0.0,171948.281449613,0.0,0.0,171948.281449613,1.7721448433895448
508,0.0,0.0,0.0,0.0,170878.9664274442,0.0,0.0,170878.9664274442,-0.6218817734925386
509,0.0,0.0,0.0,0.0,165746.17682422785,0.0,0.0,165746.17682422785,-3.0037574024043168
510,0.0,0.0,0.0,0.0,165746.17682422785,0.0,0.0,165746.17682422785,0.0
511,0.0,0.0,0.0,0.0,166387.76818591717,0.0,0.0,166387.76818591717,0.38709270643975113
512,0.0,0.0,0.0,0.0,171948.281449613,0.0,0.0,171948.281449613,3.341900263655595
513,0.0,0.0,0.0,0.0,171948.281449613,0.0,0.0,171948.281449613,0.0
514,0.0,0.0,0.0,0.0,173873.07901856166,0.0,0.0,173873.07901856166,1.119404947069924
515,0.0,0.0,0.0,0.0,173873.07901856166,0.0,0.0,173873.07901856166,0.0
516,0.0,0.0,0.0,0.0,171092.83412865407,0.0,0.0,171092.83412865407,-1.5990082568278385
517,0.0,0.0,0.0,0.0,172803.76399639287,0.0,0.0,172803.76399639287,1.000000892177777
518,0.0,0.0,0.0,0.0,169809.62792139477,0.0,0.0,169809.62792139477,-1.7326798940910826
519,0.0,0.0,0.0,0.0,175797.90007139102,0.0,0.0,175797.90007139102,3.52646208774936
520,0.0,0.0,0.0,0.0,170237.36332381453,0.0,0.0,170237.36332381453,-3.1630279686608143
521,0.0,0.0,0.0,0.0,171520.56953107385,0.0,0.0,171520.56953107385,0.7537747191364241
522,0.0,0.0,0.0,0.0,171734.4137484031,0.0,0.0,171734.4137484031,0.12467555227568816
523,0.0,0.0,0.0,0.0,174942.4175246111,0.0,0.0,174942.4175246111,1.8680028691907102
524,0.0,0.0,0.0,0.0,176225.61198993013,0.0,0.0,176225.61198993013,0.7334953314787063
525,0.0,0.0,0.0,0.0,176867.2150935598,0.0,0.0,176867.2150935598,0.36408050815355253
526,0.0,0.0,0.0,0.0,173873.07901856166,0.0,0.0,173873.07901856166,-1.692872290330505
527,0.0,0.0,0.0,0.0,173017.61995566243,0.0,0.0,173017.61995566243,-0.4920020210879783
528,0.0,0.0,0.0,0.0,170023.49562260465,0.0,0.0,170023.49562260465,-1.730531453284967
529,0.0,0.0,0.0,0.0,175370.1529270309,0.0,0.0,175370.1529270309,3.1446579102773153
530,0.0,0.0,0.0,0.0,176011.75603066056,0.0,0.0,176011.75603066056,0.3658565000491443
531,0.0,0.0,0.0,0.0,171948.281449613,0.0,0.0,171948.281449613,-2.3086381686571733
532,0.0,0.0,0.0,0.0,170878.9664274442,0.0,0.0,170878.9664274442,-0.6218817734925386
533,0.0,0.0,0.0,0.0,169168.01307582477,0.0,0.0,169168.01307582477,-1.0012662104589065
534,0.0,0.0,0.0,0.0,170665.086984294,0.0,0.0,170665.086984294,0.8849627546303473
535,0.0,0.0,0.0,0.0,177936.53011572856,0.0,0.0,177936.53011572856,4.260650646200248
536,0.0,0.0,0.0,0.0,183497.05512136468,0.0,0.0,183497.05512136468,3.125004742994375
537,0.0,0.0,0.0,0.0,179861.30420079659,0.0,0.0,179861.30420079659,-1.9813674492832667
538,0.0,0.0,0.0,0.0,184352.52592620425,0.0,0.0,184352.52592620425,2.497047236126826
539,0.0,0.0,0.0,0.0,189913.03918990007,0.0,0.0,189913.03918990007,3.016239259950071
540,0.0,0.0,0.0,0.0,183710.93456451493,0.0,0.0,183710.93456451493,-3.2657602931536744
541,0.0,0.0,0.0,0.0,183710.93456451493,0.0,0.0,183710.93456451493,0.0
542,0.0,0.0,0.0,0.0,183650.75712031263,0.0,0.0,183650.75712031263,-0.032756593582716764
543,0.0,0.0,0.0,0.0,183650.75712031263,0.0,0.0,183650.75712031263,0.0
544,0.0,0.0,0.0,0.0,178681.4035845795,0.0,0.0,178681.4035845795,-2.7058715213886253
545,0.0,0.0,0.0,0.0,179977.73728113022,0.0,0.0,179977.73728113022,0.7255000635458364
546,0.0,0.0,0.0,0.0,180409.86416923424,0.0,0.0,180409.86416923424,0.24010018940787692
547,0.0,0.0,0.0,0.0,175440.49889156083,0.0,0.0,175440.49889156083,-2.7544864581306228
548,0.0,0.0,0.0,0.0,175872.64926354552,0.0,0.0,175872.64926354552,0.24632304098257674
549,0.0,0.0,0.0,0.0,181922.29653565792,0.0,0.0,181922.29653565792,3.4397885614647183
550,0.0,0.0,0.0,0.0,179329.5704328549,0.0,0.0,179329.5704328549,-1.4251832525073893
551,0.0,0.0,0.0,0.0,178897.4552866912,0.0,0.0,178897.4552866912,-0.2409614572324581
552,0.0,0.0,0.0,0.0,181922.29653565792,0.0,0.0,181922.29653565792,1.690824078027986
553,0.0,0.0,0.0,0.0,181706.19786578492,0.0,0.0,181706.19786578492,-0.11878624774871449
554,0.0,0.0,0.0,0.0,187971.97903359134,0.0,0.0,187971.97903359134,3.4483034928916245
555,0.0,0.0,0.0,0.0,182138.34823776956,0.0,0.0,182138.34823776956,-3.1034576673682257
556,0.0,0.0,0.0,0.0,183650.75712031263,0.0,0.0,183650.75712031263,0.8303626870321157
557,0.0,0.0,0.0,0.0,186027.41977906364,0.0,0.0,186027.41977906364,1.294120806261656
558,0.0,0.0,0.0,0.0,186459.53492522734,0.0,0.0,186459.53492522734,0.2322857279195345
559,0.0,0.0,0.0,0.0,186243.48322311565,0.0,0.0,186243.48322311565,-0.115870557222153
560,0.0,0.0,0.0,0.0,189268.32447208237,0.0,0.0,189268.32447208237,1.6241326658087862
561,0.0,0.0,0.0,0.0,195534.04693018712,0.0,0.0,195534.04693018712,3.3104971344684486
562,0.0,0.0,0.0,0.0,185163.16600285564,0.0,0.0,185163.16600285564,-5.303874742097614
563,0.0,0.0,0.0,0.0,186675.63359510034,0.0,0.0,186675.63359510034,0.8168296237824002
564,0.0,0.0,0.0,0.0,185379.24118884795,0.0,0.0,185379.24118884795,-0.6944625719413677
565,0.0,0.0,0.0,0.0,191428.91194484106,0.0,0.0,191428.91194484106,3.2634024808798623
566,0.0,0.0,0.0,0.0,187755.90384759902,0.0,0.0,187755.90384759902,-1.918732160114034
567,0.0,0.0,0.0,0.0,185379.24118884795,0.0,0.0,185379.24118884795,-1.2658257929828887
568,0.0,0.0,0.0,0.0,185595.3163748403,0.0,0.0,185595.3163748403,0.11655845854510183
569,0.0,0.0,0.0,0.0,186027.41977906364,0.0,0.0,186027.41977906364,0.2328202094015408
570,0.0,0.0,0.0,0.0,185595.3163748403,0.0,0.0,185595.3163748403,-0.23227941597885327
571,0.0,0.0,0.0,0.0,183866.83230630498,0.0,0.0,183866.83230630498,-0.9313187974228643
572,0.0,0.0,0.0,0.0,187323.76521755467,0.0,0.0,187323.76521755467,1.8801286060613487
573,0.0,0.0,0.0,0.0,188620.13413992635,0.0,0.0,188620.13413992635,0.6920472268246991
574,0.0,0.0,0.0,0.0,192144.054820771,0.0,0.0,192144.054820771,1.8682632672875066
575,0.0,0.0,0.0,0.0,189657.51108439168,0.0,0.0,189657.51108439168,-1.2941039152623013
576,0.0,0.0,0.0,0.0,196212.98940407304,0.0,0.0,196212.98940407304,3.4564823097168906
577,0.0,0.0,0.0,0.0,196212.98940407304,0.0,0.0,196212.98940407304,0.0
578,0.0,0.0,0.0,0.0,188075.120237469,0.0,0.0,188075.120237469,-4.147467092428448
579,0.0,0.0,0.0,0.0,181745.686011122,0.0,0.0,181745.686011122,-3.3653756107428157
580,0.0,0.0,0.0,0.0,180841.46267002326,0.0,0.0,180841.46267002326,-0.4975212127144468
581,0.0,0.0,0.0,0.0,185136.44134665965,0.0,0.0,185136.44134665965,2.3749966480161255
582,0.0,0.0,0.0,0.0,186944.888028857,0.0,0.0,186944.888028857,0.976818323309514
583,0.0,0.0,0.0,0.0,185445.84147441195,0.0,0.0,185445.84147441195,-0.8018654964310423
584,0.0,0.0,0.0,0.0,190241.83700308108,0.0,0.0,190241.83700308108,2.586197398948342
585,0.0,0.0,0.0,0.0,187958.04135041707,0.0,0.0,187958.04135041707,-1.200469722454911
586,0.0,0.0,0.0,0.0,190013.46800556098,0.0,0.0,190013.46800556098,1.0935561151714124
587,0.0,0.0,0.0,0.0,188414.7910873976,0.0,0.0,188414.7910873976,-0.8413492658933985
588,0.0,0.0,0.0,0.0,186359.38791613435,0.0,0.0,186359.38791613435,-1.0908926838497757
589,0.0,0.0,0.0,0.0,192754.0486210265,0.0,0.0,192754.0486210265,3.4313595769964067
590,0.0,0.0,0.0,0.0,198235.20985195762,0.0,0.0,198235.20985195762,2.843603685703955
591,0.0,0.0,0.0,0.0,201660.92094386416,0.0,0.0,201660.92094386416,1.728104252753515
592,0.0,0.0,0.0,0.0,198920.3755542196,0.0,0.0,198920.3755542196,-1.358986846245458
593,0.0,0.0,0.0,0.0,200975.8022093635,0.0,0.0,200975.8022093635,1.0332911595492433
594,0.0,0.0,0.0,0.0,196864.91367325466,0.0,0.0,196864.91367325466,-2.0454644245312514
595,0.0,0.0,0.0,0.0,195951.39071541294,0.0,0.0,195951.39071541294,-0.46403543465237673
596,0.0,0.0,0.0,0.0,196636.54467573456,0.0,0.0,196636.54467573456,0.3496550638503404
597,0.0,0.0,0.0,0.0,193439.20258134816,0.0,0.0,193439.20258134816,-1.6260162116146892
598,0.0,0.0,0.0,0.0,191155.3834448035,0.0,0.0,191155.3834448035,-1.1806392427534007
599,0.0,0.0,0.0,0.0,190013.46800556098,0.0,0.0,190013.46800556098,-0.5973755060747488
600,0.0,0.0,0.0,0.0,191155.3834448035,0.0,0.0,191155.3834448035,0.6009655269326064
601,0.0,0.0,0.0,0.0,196636.54467573456,0.0,0.0,196636.54467573456,2.867385229835162
602,0.0,0.0,0.0,0.0,195722.9982340122,0.0,0.0,195722.9982340122,-0.46458629713457267
603,0.0,0.0,0.0,0.0,197550.04414969566,0.0,0.0,197550.04414969566,0.9334855546709875
604,0.0,0.0,0.0,0.0,195266.26023897197,0.0,0.0,195266.26023897197,-1.1560533537482431
605,0.0,0.0,0.0,0.0,195494.65272037275,0.0,0.0,195494.65272037275,0.11696464157262554
606,0.0,0.0,0.0,0.0,197550.04414969566,0.0,0.0,197550.04414969566,1.0513798718898348
607,0.0,0.0,0.0,0.0,194352.71379724957,0.0,0.0,194352.71379724957,-1.6184913378319843
608,0.0,0.0,0.0,0.0,191840.53740512513,0.0,0.0,191840.53740512513,-1.2925862176255354
609,0.0,0.0,0.0,0.0,194124.33305778913,0.0,0.0,194124.33305778913,1.1904656250212309
610,0.0,0.0,0.0,0.0,192982.44110242728,0.0,0.0,192982.44110242728,-0.5882271106229187
611,0.0,0.0,0.0,0.0,197550.04414969566,0.0,0.0,197550.04414969566,2.3668490362001693
612,0.0,0.0,0.0,0.0,213080.00488464715,0.0,0.0,213080.00488464715,7.861279303579138
613,0.0,0.0,0.0,0.0,209654.29379274067,0.0,0.0,209654.29379274067,-1.6077111945632883
614,0.0,0.0,0.0,0.0,213080.00488464715,0.0,0.0,213080.00488464715,1.6339808882202211
615,0.0,0.0,0.0,0.0,210339.45949500264,0.0,0.0,210339.45949500264,-1.286157934494192
616,0.0,0.0,0.0,0.0,206685.34417975502,0.0,0.0,206685.34417975502,-1.737246698275574
617,0.0,0.0,0.0,0.0,202574.46738558653,0.0,0.0,202574.46738558653,-1.9889541808021272
618,0.0,0.0,0.0,0.0,205771.79773803262,0.0,0.0,205771.79773803262,1.5783481470841965
619,0.0,0.0,0.0,0.0,209425.91305328024,0.0,0.0,209425.91305328024,1.7758095887851821
620,0.0,0.0,0.0,0.0,211709.72044788455,0.0,0.0,211709.72044788455,1.0905085055177954
621,0.0,0.0,0.0,0.0,220616.59277072217,0.0,0.0,220616.59277072217,4.2071154333370275
622,0.0,0.0,0.0,0.0,220159.8312918013,0.0,0.0,220159.8312918013,-0.20703858816075726
623,0.0,0.0,0.0,0.0,223357.1616442474,0.0,0.0,223357.1616442474,1.4522768906959804
624,0.0,0.0,0.0,0.0,216277.33523709324,0.0,0.0,216277.33523709324,-3.1697333342866174
625,0.0,0.0,0.0,0.0,220388.21203126173,0.0,0.0,220388.21203126173,1.9007432238158373
626,0.0,0.0,0.0,0.0,221530.1392124446,0.0,0.0,221530.1392124446,0.5181434935462415
627,0.0,0.0,0.0,0.0,222443.66217028632,0.0,0.0,222443.66217028632,0.41236960401387357
628,0.0,0.0,0.0,0.0,222672.04290974676,0.0,0.0,222672.04290974676,0.10266902515101428
629,0.0,0.0,0.0,0.0,224727.4695648907,0.0,0.0,224727.4695648907,0.9230735157790049
630,0.0,0.0,0.0,0.0,224955.87378823175,0.0,0.0,224955.87378823175,0.10163609450295485
631,0.0,0.0,0.0,0.0,225184.2310438115,0.0,0.0,225184.2310438115,0.10151202177308694
632,0.0,0.0,0.0,0.0,227239.63421507474,0.0,0.0,227239.63421507474,0.912765144226868
633,0.0,0.0,0.0,0.0,220159.8312918013,0.0,0.0,220159.8312918013,-3.115566942240644
634,0.0,0.0,0.0,0.0,221986.90069136547,0.0,0.0,221986.90069136547,0.8298831757109104
635,0.0,0.0,0.0,0.0,221073.3777335237,0.0,0.0,221073.3777335237,-0.4115211100279681
636,0.0,0.0,0.0,0.0,223128.80438866763,0.0,0.0,223128.80438866763,0.9297486093605922
637,0.0,0.0,0.0,0.0,220616.59277072217,0.0,0.0,220616.59277072217,-1.1259019761381661
638,0.0,0.0,0.0,0.0,222900.44713308782,0.0,0.0,222900.44713308782,1.0352142301187417
639,0.0,0.0,0.0,0.0,220616.59277072217,0.0,0.0,220616.59277072217,-1.0246073490386531
640,0.0,0.0,0.0,0.0,227924.79991733673,0.0,0.0,227924.79991733673,3.312628055229583
641,0.0,0.0,0.0,0.0,232949.19966934694,0.0,0.0,232949.19966934694,2.2044111715058934
642,0.0,0.0,0.0,0.0,232035.67671150522,0.0,0.0,232035.67671150522,-0.39215543952861864
643,0.0,0.0,0.0,0.0,235461.4112872924,0.0,0.0,235461.4112872924,1.4763826943933633
644,0.0,0.0,0.0,0.0,241170.97674156458,0.0,0.0,241170.97674156458,2.424841260849231
645,0.0,0.0,0.0,0.0,245281.83005185245,0.0,0.0,245281.83005185245,1.704538981360515
646,0.0,0.0,0.0,0.0,255102.2253325318,0.0,0.0,255102.2253325318,4.003719019302543
647,0.0,0.0,0.0,0.0,248085.38269331932,0.0,0.0,248085.38269331932,-2.750600325052377
648,0.0,0.0,0.0,0.0,250650.17472007213,0.0,0.0,250650.17472007213,1.0338343996362687
649,0.0,0.0,0.0,0.0,247852.21124220334,0.0,0.0,247852.21124220334,-1.1162822770794278
650,0.0,0.0,0.0,0.0,249484.34094837308,0.0,0.0,249484.34094837308,0.6585092374160162
651,0.0,0.0,0.0,0.0,251582.81355677464,0.0,0.0,251582.81355677464,0.8411239761279443
652,0.0,0.0,0.0,0.0,244121.60892763207,0.0,0.0,244121.60892763207,-2.965705217959491
653,0.0,0.0,0.0,0.0,245986.93356879838,0.0,0.0,245986.93356879838,0.7640964883691481
654,0.0,0.0,0.0,0.0,243888.41399263544,0.0,0.0,243888.41399263544,-0.8531020512827503
655,0.0,0.0,0.0,0.0,247619.03979108745,0.0,0.0,247619.03979108745,1.5296445359493926
656,0.0,0.0,0.0,0.0,241323.66893364393,0.0,0.0,241323.66893364393,-2.542361388185188
657,0.0,0.0,0.0,0.0,244821.09979709925,0.0,0.0,244821.09979709925,1.4492697209973926
658,0.0,0.0,0.0,0.0,249484.34094837308,0.0,0.0,249484.34094837308,1.9047545963720491
659,0.0,0.0,0.0,0.0,246220.0815360337,0.0,0.0,246220.0815360337,-1.3084025233531138
660,0.0,0.0,0.0,0.0,241556.79341699855,0.0,0.0,241556.79341699855,-1.8939511716280055
661,0.0,0.0,0.0,0.0,246686.4009543849,0.0,0.0,246686.4009543849,2.12356169529504
662,0.0,0.0,0.0,0.0,252515.4993612385,0.0,0.0,252515.4993612385,2.3629589569193366
663,0.0,0.0,0.0,0.0,261375.6622454347,0.0,0.0,261375.6622454347,3.508760019329027
664,0.0,0.0,0.0,0.0,256012.9067408131,0.0,0.0,256012.9067408131,-2.051742483807051
665,0.0,0.0,0.0,0.0,262308.3245660179,0.0,0.0,262308.3245660179,2.4590236114846453
666,0.0,0.0,0.0,0.0,256945.59254527692,0.0,0.0,256945.59254527692,-2.0444383645137787
667,0.0,0.0,0.0,0.0,257645.05993086347,0.0,0.0,257645.05993086347,0.27222392828680775
668,0.0,0.0,0.0,0.0,253681.26268129557,0.0,0.0,253681.26268129557,-1.5384720555602915
669,0.0,0.0,0.0,0.0,256012.9067408131,0.0,0.0,256012.9067408131,0.9191234838841211
670,0.0,0.0,0.0,0.0,263007.7919516044,0.0,0.0,263007.7919516044,2.7322392842767496
671,0.0,0.0,0.0,0.0,273966.4744119636,0.0,0.0,273966.4744119636,4.166675967674616
672,0.0,0.0,0.0,0.0,280495.016720523,0.0,0.0,280495.016720523,2.3829712458694585
673,0.0,0.0,0.0,0.0,282593.48932892457,0.0,0.0,282593.48932892457,0.7481318680582438
674,0.0,0.0,0.0,0.0,291686.84714811755,0.0,0.0,291686.84714811755,3.217822831229067
675,0.0,0.0,0.0,0.0,290754.18482753437,0.0,0.0,290754.18482753437,-0.3197478150633204
676,0.0,0.0,0.0,0.0,298914.88032614416,0.0,0.0,298914.88032614416,2.8067336342726845
677,0.0,0.0,0.0,0.0,303111.82554294734,0.0,0.0,303111.82554294734,1.4040603171792343
678,0.0,0.0,0.0,0.0,299381.2467122567,0.0,0.0,299381.2467122567,-1.2307599098148936
679,0.0,0.0,0.0,0.0,293785.3197565191,0.0,0.0,293785.3197565191,-1.8691641568037043
680,0.0,0.0,0.0,0.0,296116.940332156,0.0,0.0,296116.940332156,0.7936477484883575
681,0.0,0.0,0.0,0.0,288422.5877357782,0.0,0.0,288422.5877357782,-2.598416891565558
682,0.0,0.0,0.0,0.0,287723.0733824303,0.0,0.0,287723.0733824303,-0.24253105793111684
683,0.0,0.0,0.0,0.0,296350.11178327195,0.0,0.0,296350.11178327195,2.998382541734812
684,0.0,0.0,0.0,0.0,295417.47294656944,0.0,0.0,295417.47294656944,-0.314708447751344
685,0.0,0.0,0.0,0.0,278396.54411212145,0.0,0.0,278396.54411212145,-5.761652709528953
686,0.0,0.0,0.0,0.0,277463.88179153827,0.0,0.0,277463.88179153827,-0.3350121760877789
687,0.0,0.0,0.0,0.0,278396.54411212145,0.0,0.0,278396.54411212145,0.33613828025511605
688,0.0,0.0,0.0,0.0,274199.62237919896,0.0,0.0,274199.62237919896,-1.5075337038782388
689,0.0,0.0,0.0,0.0,271401.68238521076,0.0,0.0,271401.68238521076,-1.020402570109613
690,0.0,0.0,0.0,0.0,269070.0618095739,0.0,0.0,269070.0618095739,-0.8591032137846177
691,0.0,0.0,0.0,0.0,272567.46918914857,0.0,0.0,272567.46918914857,1.299812902280384
692,0.0,0.0,0.0,0.0,272800.6406402645,0.0,0.0,272800.6406402645,0.08554632429524922
693,0.0,0.0,0.0,0.0,271401.68238521076,0.0,0.0,271401.68238521076,-0.5128134053389188
694,0.0,0.0,0.0,0.0,270002.67716239573,0.0,0.0,270002.67716239573,-0.5154740422092741
695,0.0,0.0,0.0,0.0,269536.3812279251,0.0,0.0,269536.3812279251,-0.1727004855548664
696,0.0,0.0,0.0,0.0,258111.4028330954,0.0,0.0,258111.4028330954,-4.2387518682194365
697,0.0,0.0,0.0,0.0,261142.51427819944,0.0,0.0,261142.51427819944,1.1743423234439776
698,0.0,0.0,0.0,0.0,263940.4777560682,0.0,0.0,263940.4777560682,1.07143162253851
699,0.0,0.0,0.0,0.0,265805.75542947324,0.0,0.0,265805.75542947324,0.7067039088748173
700,0.0,0.0,0.0,0.0,264873.09310889005,0.0,0.0,264873.09310889005,-0.3508811609726936
701,0.0,0.0,0.0,0.0,261142.51427819944,0.0,0.0,261142.51427819944,-1.4084400898950356
702,0.0,0.0,0.0,0.0,262774.6439843691,0.0,0.0,262774.6439843691,0.6249957846507392
703,0.0,0.0,0.0,0.0,261608.8336965507,0.0,0.0,261608.8336965507,-0.44365402618061767
704,0.0,0.0,0.0,0.0,258810.8702186819,0.0,0.0,258810.8702186819,-1.069521788822414
705,0.0,0.0,0.0,0.0,251815.9850078906,0.0,0.0,251815.9850078906,-2.702701476518743
706,0.0,0.0,0.0,0.0,246453.229503269,0.0,0.0,246453.229503269,-2.1296326777879293
707,0.0,0.0,0.0,0.0,247152.74385661684,0.0,0.0,247152.74385661684,0.28383249623376017
708,0.0,0.0,0.0,0.0,249251.16949725704,0.0,0.0,249251.16949725704,0.8490399936071924
709,0.0,0.0,0.0,0.0,247152.74385661684,0.0,0.0,247152.74385661684,-0.8418919938761982
710,0.0,0.0,0.0,0.0,248551.70211167054,0.0,0.0,248551.70211167054,0.5660298296608302
711,0.0,0.0,0.0,0.0,250353.90208161116,0.0,0.0,250353.90208161116,0.7250805183103948
712,0.0,0.0,0.0,0.0,253404.129405576,0.0,0.0,253404.129405576,1.2183662002481999
713,0.0,0.0,0.0,0.0,251996.31772751184,0.0,0.0,251996.31772751184,-0.5555598803249739
714,0.0,0.0,0.0,0.0,256923.61163297514,0.0,0.0,256923.61163297514,1.9553039305880926
715,0.0,0.0,0.0,0.0,258800.67821447362,0.0,0.0,258800.67821447362,0.73059325671474
716,0.0,0.0,0.0,0.0,255750.45089050877,0.0,0.0,255750.45089050877,-1.1786009777907336
717,0.0,0.0,0.0,0.0,254811.89411587888,0.0,0.0,254811.89411587888,-0.3669814740743904
718,0.0,0.0,0.0,0.0,250823.13350116482,0.0,0.0,250823.13350116482,-1.5653745789826146
719,0.0,0.0,0.0,0.0,248476.8355001127,0.0,0.0,248476.8355001127,-0.9354392349305463
720,0.0,0.0,0.0,0.0,248476.8355001127,0.0,0.0,248476.8355001127,0.0
721,0.0,0.0,0.0,0.0,241907.07898098748,0.0,0.0,241907.07898098748,-2.6440116664807722
722,0.0,0.0,0.0,0.0,248007.5336289171,0.0,0.0,248007.5336289171,2.5218173331790217
723,0.0,0.0,0.0,0.0,247303.65127376572,0.0,0.0,247303.65127376572,-0.28381490870538206
724,0.0,0.0,0.0,0.0,243080.2397234538,0.0,0.0,243080.2397234538,-1.7077837421965891
725,0.0,0.0,0.0,0.0,241203.14965807466,0.0,0.0,241203.14965807466,-0.7722100601491255
726,0.0,0.0,0.0,0.0,247303.65127376572,0.0,0.0,247303.65127376572,2.5291964986108306
727,0.0,0.0,0.0,0.0,255985.10182610658,0.0,0.0,255985.10182610658,3.5104417211901495
728,0.0,0.0,0.0,0.0,266074.3170887503,0.0,0.0,266074.3170887503,3.9413290815250024
729,0.0,0.0,0.0,0.0,245895.83959570152,0.0,0.0,245895.83959570152,-7.583774982054415
730,0.0,0.0,0.0,0.0,248711.46295182983,0.0,0.0,248711.46295182983,1.145047171500635
731,0.0,0.0,0.0,0.0,254811.89411587888,0.0,0.0,254811.89411587888,2.452814635741407
732,0.0,0.0,0.0,0.0,255750.45089050877,0.0,0.0,255750.45089050877,0.368333188639558
733,0.0,0.0,0.0,0.0,260443.11734425492,0.0,0.0,260443.11734425492,1.8348614586627399
734,0.0,0.0,0.0,0.0,257627.5174720072,0.0,0.0,257627.5174720072,-1.0810805449414262
735,0.0,0.0,0.0,0.0,261616.2780867213,0.0,0.0,261616.2780867213,1.5482665259729078
736,0.0,0.0,0.0,0.0,260677.74479597204,0.0,0.0,260677.74479597204,-0.3587442255554629
737,0.0,0.0,0.0,0.0,260912.3722476892,0.0,0.0,260912.3722476892,0.0900067061347265
738,0.0,0.0,0.0,0.0,264431.90144284966,0.0,0.0,264431.90144284966,1.3489315070959185
739,0.0,0.0,0.0,0.0,256688.96069737733,0.0,0.0,256688.96069737733,-2.9281416891168033
740,0.0,0.0,0.0,0.0,256454.33324566015,0.0,0.0,256454.33324566015,-0.09140535342063716
741,0.0,0.0,0.0,0.0,257392.89002029,0.0,0.0,257392.89002029,0.36597423126043527
742,0.0,0.0,0.0,0.0,253169.4784699782,0.0,0.0,253169.4784699782,-1.6408423519308823
743,0.0,0.0,0.0,0.0,253638.75685729313,0.0,0.0,253638.75685729313,0.18536135957265554
744,0.0,0.0,0.0,0.0,256219.72927782376,0.0,0.0,256219.72927782376,1.0175780911837462
745,0.0,0.0,0.0,0.0,248476.8355001127,0.0,0.0,248476.8355001127,-3.0219740687163488
746,0.0,0.0,0.0,0.0,249180.6943713835,0.0,0.0,249180.6943713835,0.2832694121583268
747,0.0,0.0,0.0,0.0,244018.74953032235,0.0,0.0,244018.74953032235,-2.0715669221820554
748,0.0,0.0,0.0,0.0,250823.13350116482,0.0,0.0,250823.13350116482,2.788467682888829
749,0.0,0.0,0.0,0.0,253404.129405576,0.0,0.0,253404.129405576,1.0290103103265835
750,0.0,0.0,0.0,0.0,251761.66679191403,0.0,0.0,251761.66679191403,-0.6481593719545153
751,0.0,0.0,0.0,0.0,247303.65127376572,0.0,0.0,247303.65127376572,-1.7707284730653416
752,0.0,0.0,0.0,0.0,246599.7454347336,0.0,0.0,246599.7454347336,-0.28463220636111286
753,0.0,0.0,0.0,0.0,248007.5336289171,0.0,0.0,248007.5336289171,0.5708798245925628
754,0.0,0.0,0.0,0.0,249415.34530698127,0.0,0.0,249415.34530698127,0.5676487554489462
755,0.0,0.0,0.0,0.0,247069.00033816788,0.0,0.0,247069.00033816788,-0.9407380151070899
756,0.0,0.0,0.0,0.0,239560.734012174,0.0,0.0,239560.734012174,-3.038935000229559
757,0.0,0.0,0.0,0.0,233460.2558803637,0.0,0.0,233460.2558803637,-2.5465267323401597
758,0.0,0.0,0.0,0.0,236979.7850755241,0.0,0.0,236979.7850755241,1.5075496177662018
759,0.0,0.0,0.0,0.0,231113.95787931164,0.0,0.0,231113.95787931164,-2.47524369825175
760,0.0,0.0,0.0,0.0,237214.41252724128,0.0,0.0,237214.41252724128,2.6395872858165026
761,0.0,0.0,0.0,0.0,244957.28282107163,0.0,0.0,244957.28282107163,3.2640808841837066
762,0.0,0.0,0.0,0.0,235102.71849402567,0.0,0.0,235102.71849402567,-4.022972582629514
763,0.0,0.0,0.0,0.0,234868.0910423086,0.0,0.0,234868.0910423086,-0.09979784717930595
764,0.0,0.0,0.0,0.0,234633.44010671077,0.0,0.0,234633.44010671077,-0.09990754152958692
765,0.0,0.0,0.0,0.0,231817.84023446304,0.0,0.0,231817.84023446304,-1.1999993994748603
766,0.0,0.0,0.0,0.0,228532.96197490045,0.0,0.0,228532.96197490045,-1.417008396006203
767,0.0,0.0,0.0,0.0,230644.6794919967,0.0,0.0,230644.6794919967,0.9240319203180025
768,0.0,0.0,0.0,0.0,232052.46768618023,0.0,0.0,232052.46768618023,0.6103709815826752
769,0.0,0.0,0.0,0.0,232287.09513789733,0.0,0.0,232287.09513789733,0.10110965595695465
770,0.0,0.0,0.0,0.0,238152.92233410984,0.0,0.0,238152.92233410984,2.5252488489428515
771,0.0,0.0,0.0,0.0,240264.63985120613,0.0,0.0,240264.63985120613,0.8867065314166922
772,0.0,0.0,0.0,0.0,236979.7850755241,0.0,0.0,236979.7850755241,-1.3671819447573785
773,0.0,0.0,0.0,0.0,235102.71849402567,0.0,0.0,235102.71849402567,-0.792078776213001
774,0.0,0.0,0.0,0.0,233460.2558803637,0.0,0.0,233460.2558803637,-0.6986148965792194
775,0.0,0.0,0.0,0.0,237449.03997895846,0.0,0.0,237449.03997895846,1.7085495274359763
776,0.0,0.0,0.0,0.0,239795.3614638912,0.0,0.0,239795.3614638912,0.9881368588142703
777,0.0,0.0,0.0,0.0,237918.31836627336,0.0,0.0,237918.31836627336,-0.7827687267005334
778,0.0,0.0,0.0,0.0,240499.2907868039,0.0,0.0,240499.2907868039,1.0848145019910271
779,0.0,0.0,0.0,0.0,240264.63985120613,0.0,0.0,240264.63985120613,-0.09756824430962041
780,0.0,0.0,0.0,0.0,249415.34530698127,0.0,0.0,249415.34530698127,3.8085943322505145
781,0.0,0.0,0.0,0.0,219382.28000300596,0.0,0.0,219382.28000300596,-12.041386333711944
782,0.0,0.0,0.0,0.0,219616.88397084243,0.0,0.0,219616.88397084243,0.1069384308674648
783,0.0,0.0,0.0,0.0,219616.88397084243,0.0,0.0,219616.88397084243,0.0
784,0.0,0.0,0.0,0.0,222667.11129480723,0.0,0.0,222667.11129480723,1.3888856215489076
785,0.0,0.0,0.0,0.0,213516.45280679344,0.0,0.0,213516.45280679344,-4.109568959152876
786,0.0,0.0,0.0,0.0,206946.67280378746,0.0,0.0,206946.67280378746,-3.0769432128730845
787,0.0,0.0,0.0,0.0,210935.4569023822,0.0,0.0,210935.4569023822,1.9274453870425923
788,0.0,0.0,0.0,0.0,208119.85703013453,0.0,0.0,208119.85703013453,-1.3348158311528802
789,0.0,0.0,0.0,0.0,205526.8843465845,0.0,0.0,205526.8843465845,-1.245903548345506
790,0.0,0.0,0.0,0.0,204822.22702337115,0.0,0.0,204822.22702337115,-0.3428540871689867
791,0.0,0.0,0.0,0.0,204587.34124896672,0.0,0.0,204587.34124896672,-0.1146778734993581
792,0.0,0.0,0.0,0.0,201064.0311490193,0.0,0.0,201064.0311490193,-1.7221544981416148
793,0.0,0.0,0.0,0.0,201533.77921394756,0.0,0.0,201533.77921394756,0.23363107873834998
794,0.0,0.0,0.0,0.0,212103.7329976704,0.0,0.0,212103.7329976704,5.244755407728352
795,0.0,0.0,0.0,0.0,213278.18535357332,0.0,0.0,213278.18535357332,0.5537160234307725
796,0.0,0.0,0.0,0.0,212573.52803035997,0.0,0.0,212573.52803035997,-0.3303935290171256
797,0.0,0.0,0.0,0.0,211868.8707071466,0.0,0.0,211868.8707071466,-0.3314887463846117
798,0.0,0.0,0.0,0.0,216566.60967911626,0.0,0.0,216566.60967911626,2.2172860771335623
799,0.0,0.0,0.0,0.0,219620.17171413542,0.0,0.0,219620.17171413542,1.4099874581513738
800,0.0,0.0,0.0,0.0,213982.84267678665,0.0,0.0,213982.84267678665,-2.5668539430369286
801,0.0,0.0,0.0,0.0,212808.41380476442,0.0,0.0,212808.41380476442,-0.5488425414537312
802,0.0,0.0,0.0,0.0,216566.60967911626,0.0,0.0,216566.60967911626,1.765999664749951
803,0.0,0.0,0.0,0.0,217975.9478094236,0.0,0.0,217975.9478094236,0.6507642763561527
804,0.0,0.0,0.0,0.0,218210.83358382806,0.0,0.0,218210.83358382806,0.10775765710160368
805,0.0,0.0,0.0,0.0,216331.74738859248,0.0,0.0,216331.74738859248,-0.861133319722962
806,0.0,0.0,0.0,0.0,217506.1762606147,0.0,0.0,217506.1762606147,0.5428832735828726
807,0.0,0.0,0.0,0.0,217975.9478094236,0.0,0.0,217975.9478094236,0.2159807858725049
808,0.0,0.0,0.0,0.0,217271.2670023296,0.0,0.0,217271.2670023296,-0.32328374491579215
809,0.0,0.0,0.0,0.0,217271.2670023296,0.0,0.0,217271.2670023296,0.0
810,0.0,0.0,0.0,0.0,216331.74738859248,0.0,0.0,216331.74738859248,-0.4324177912245708
811,0.0,0.0,0.0,0.0,221734.14368377547,0.0,0.0,221734.14368377547,2.4972739139756284
812,0.0,0.0,0.0,0.0,226197.0203652213,0.0,0.0,226197.0203652213,2.012715140438881
813,0.0,0.0,0.0,0.0,221969.0294581799,0.0,0.0,221969.0294581799,-1.8691629537006427
814,0.0,0.0,0.0,0.0,222203.93871646503,0.0,0.0,222203.93871646503,0.10582974519397492
815,0.0,0.0,0.0,0.0,218680.60513263696,0.0,0.0,218680.60513263696,-1.5856305717082186
816,0.0,0.0,0.0,0.0,215627.06658149845,0.0,0.0,215627.06658149845,-1.3963463057395709
817,0.0,0.0,0.0,0.0,213982.84267678665,0.0,0.0,213982.84267678665,-0.762531314263537
818,0.0,0.0,0.0,0.0,213747.98038626288,0.0,0.0,213747.98038626288,-0.10975753363484664
819,0.0,0.0,0.0,0.0,213043.2760952882,0.0,0.0,213043.2760952882,-0.3296893330646755
820,0.0,0.0,0.0,0.0,218445.71935823248,0.0,0.0,218445.71935823248,2.53584312162376
821,0.0,0.0,0.0,0.0,216096.83813030735,0.0,0.0,216096.83813030735,-1.0752699731658155
822,0.0,0.0,0.0,0.0,214922.38577440442,0.0,0.0,214922.38577440442,-0.5434842851308797
823,0.0,0.0,0.0,0.0,213278.18535357332,0.0,0.0,213278.18535357332,-0.7650205514454611
824,0.0,0.0,0.0,0.0,211868.8707071466,0.0,0.0,211868.8707071466,-0.6607870580342623
825,0.0,0.0,0.0,0.0,220794.57710227702,0.0,0.0,220794.57710227702,4.212844654969583
826,0.0,0.0,0.0,0.0,219582.05737581724,0.0,0.0,219582.05737581724,-0.5491619143789594
827,0.0,0.0,0.0,0.0,220807.3993011197,0.0,0.0,220807.3993011197,0.5580337209452724
828,0.0,0.0,0.0,0.0,218601.7697452469,0.0,0.0,218601.7697452469,-0.9988929550612369
829,0.0,0.0,0.0,0.0,222767.95107837976,0.0,0.0,222767.95107837976,1.9058314751925653
830,0.0,0.0,0.0,0.0,220317.24374389419,0.0,0.0,220317.24374389419,-1.100116656198591
831,0.0,0.0,0.0,0.0,215415.8760426843,0.0,0.0,215415.8760426843,-2.224686374030449
832,0.0,0.0,0.0,0.0,220807.3993011197,0.0,0.0,220807.3993011197,2.502843967436763
833,0.0,0.0,0.0,0.0,222114.2068084467,0.0,0.0,222114.2068084467,0.5918313930888264
834,0.0,0.0,0.0,0.0,216943.03280228452,0.0,0.0,216943.03280228452,-2.3281599499944905
835,0.0,0.0,0.0,0.0,218913.001615691,0.0,0.0,218913.001615691,0.9080581145935351
836,0.0,0.0,0.0,0.0,220144.21451115952,0.0,0.0,220144.21451115952,0.5624210925717188
837,0.0,0.0,0.0,0.0,215958.04839558128,0.0,0.0,215958.04839558128,-1.9015562706809264
838,0.0,0.0,0.0,0.0,218420.49767039903,0.0,0.0,218420.49767039903,1.1402442711035965
839,0.0,0.0,0.0,0.0,218666.749643045,0.0,0.0,218666.749643045,0.11274215344825311
840,0.0,0.0,0.0,0.0,219651.73404974828,0.0,0.0,219651.73404974828,0.4504500150622759
841,0.0,0.0,0.0,0.0,218913.001615691,0.0,0.0,218913.001615691,-0.3363198734820716
842,0.0,0.0,0.0,0.0,217189.2612910498,0.0,0.0,217189.2612910498,-0.7874088390909195
843,0.0,0.0,0.0,0.0,214973.04050499733,0.0,0.0,214973.04050499733,-1.0204099285933688
844,0.0,0.0,0.0,0.0,215219.29247764335,0.0,0.0,215219.29247764335,0.11455016501955573
845,0.0,0.0,0.0,0.0,213003.07169159089,0.0,0.0,213003.07169159089,-1.0297500565766837
846,0.0,0.0,0.0,0.0,210786.8743894191,0.0,0.0,210786.8743894191,-1.0404532125154686
847,0.0,0.0,0.0,0.0,211771.85879612234,0.0,0.0,211771.85879612234,0.467289251077152
848,0.0,0.0,0.0,0.0,208816.88209213194,0.0,0.0,208816.88209213194,-1.3953585338433605
849,0.0,0.0,0.0,0.0,211033.1028781844,0.0,0.0,211033.1028781844,1.0613226113943552
850,0.0,0.0,0.0,0.0,206600.68478996019,0.0,0.0,206600.68478996019,-2.1003425660583552
851,0.0,0.0,0.0,0.0,205369.44841061096,0.0,0.0,205369.44841061096,-0.5959498055879919
852,0.0,0.0,0.0,0.0,208570.65360336663,0.0,0.0,208570.65360336663,1.5587543412763472
853,0.0,0.0,0.0,0.0,205615.70038325692,0.0,0.0,205615.70038325692,-1.4167636573307552
